{"implements":[],"javadoc":"A custom Table of Contents view that we specify in our JavaHelp xml documents.  This view \n lets us install custom renderers and custom tree items for use by those renderers.  These\n renderers let us display custom text defined by the TOC_Source.xml files.  We also add some\n utility like: tooltips in development mode, node selection when pressing F1.","static":false,"extends":"javax.help.TOCView","methods":[{"javadoc":"","static":false,"name":"<init>","comment":"","params":[{"type_long":"javax.help.HelpSet","name":"hs","comment":"","type_short":"HelpSet"},{"type_long":"java.lang.String","name":"name","comment":"","type_short":"String"},{"type_long":"java.lang.String","name":"label","comment":"","type_short":"String"},{"type_long":"java.util.Hashtable","name":"params","comment":"","type_short":"Hashtable"}],"throws":[],"return":{"type_long":"void","comment":"","type_short":"void"}},{"javadoc":"","static":false,"name":"<init>","comment":"","params":[{"type_long":"javax.help.HelpSet","name":"hs","comment":"","type_short":"HelpSet"},{"type_long":"java.lang.String","name":"name","comment":"","type_short":"String"},{"type_long":"java.lang.String","name":"label","comment":"","type_short":"String"},{"type_long":"java.util.Locale","name":"locale","comment":"","type_short":"Locale"},{"type_long":"java.util.Hashtable","name":"params","comment":"","type_short":"Hashtable"}],"throws":[],"return":{"type_long":"void","comment":"","type_short":"void"}},{"javadoc":"","static":false,"name":"createNavigator","comment":"","params":[{"type_long":"javax.help.HelpModel","name":"model","comment":"","type_short":"HelpModel"}],"throws":[],"return":{"type_long":"java.awt.Component","comment":"","type_short":"Component"}},{"javadoc":"","static":false,"name":"getHelpModel","comment":"","params":[],"throws":[],"return":{"type_long":"javax.help.HelpModel","comment":"","type_short":"HelpModel"}},{"javadoc":"","static":false,"name":"getDataAsTree","comment":"","params":[],"throws":[],"return":{"type_long":"javax.swing.tree.DefaultMutableTreeNode","comment":"","type_short":"DefaultMutableTreeNode"}}],"name":"CustomTOCView","comment":"A custom Table of Contents view that we specify in our JavaHelp xml documents.  This view \n lets us install custom renderers and custom tree items for use by those renderers.  These\n renderers let us display custom text defined by the TOC_Source.xml files.  We also add some\n utility like: tooltips in development mode, node selection when pressing F1.","fields":[]}
