{"implements":[],"javadoc":"This class allows us to change the renderer of the favorites tree.","static":false,"extends":"javax.help.FavoritesView","methods":[{"javadoc":"","static":false,"name":"<init>","comment":"","params":[{"type_long":"javax.help.HelpSet","name":"hs","comment":"","type_short":"HelpSet"},{"type_long":"java.lang.String","name":"name","comment":"","type_short":"String"},{"type_long":"java.lang.String","name":"label","comment":"","type_short":"String"},{"type_long":"java.util.Hashtable","name":"params","comment":"","type_short":"Hashtable"}],"throws":[],"return":{"type_long":"void","comment":"","type_short":"void"}},{"javadoc":"","static":false,"name":"<init>","comment":"","params":[{"type_long":"javax.help.HelpSet","name":"hs","comment":"","type_short":"HelpSet"},{"type_long":"java.lang.String","name":"name","comment":"","type_short":"String"},{"type_long":"java.lang.String","name":"label","comment":"","type_short":"String"},{"type_long":"java.util.Locale","name":"locale","comment":"","type_short":"Locale"},{"type_long":"java.util.Hashtable","name":"params","comment":"","type_short":"Hashtable"}],"throws":[],"return":{"type_long":"void","comment":"","type_short":"void"}},{"javadoc":"","static":false,"name":"createNavigator","comment":"","params":[{"type_long":"javax.help.HelpModel","name":"model","comment":"","type_short":"HelpModel"}],"throws":[],"return":{"type_long":"java.awt.Component","comment":"","type_short":"Component"}}],"name":"CustomFavoritesView","comment":"This class allows us to change the renderer of the favorites tree.","fields":[]}
