{"implements":[],"javadoc":"Ghidra help broker that displays the help set; sets the Ghidra icon on\n the help frame and attempts to maintain the user window size.","static":false,"extends":"javax.help.DefaultHelpBroker","methods":[{"javadoc":"Construct a new GhidraHelpBroker.\n@param hs java help set associated with this help broker","static":false,"name":"<init>","comment":"Construct a new GhidraHelpBroker.","params":[{"type_long":"javax.help.HelpSet","name":"hs","comment":"java help set associated with this help broker","type_short":"HelpSet"}],"throws":[],"return":{"type_long":"void","comment":"","type_short":"void"}},{"javadoc":"","static":false,"name":"setCurrentURL","comment":"","params":[{"type_long":"java.net.URL","name":"URL","comment":"","type_short":"URL"}],"throws":[],"return":{"type_long":"void","comment":"","type_short":"void"}},{"javadoc":"","static":false,"name":"setDisplayed","comment":"","params":[{"type_long":"boolean","name":"b","comment":"","type_short":"boolean"}],"throws":[],"return":{"type_long":"void","comment":"","type_short":"void"}},{"javadoc":"","static":false,"name":"setActivationWindow","comment":"","params":[{"type_long":"java.awt.Window","name":"window","comment":"","type_short":"Window"}],"throws":[],"return":{"type_long":"void","comment":"","type_short":"void"}}],"name":"GHelpBroker","comment":"Ghidra help broker that displays the help set; sets the Ghidra icon on\n the help frame and attempts to maintain the user window size.","fields":[]}
