{"implements":[],"javadoc":"A class that allows Ghidra to intercept JavaHelp navigation events in order to resolve them\n to Ghidra's help system.  Without this class, contribution plugins have no way of \n referencing help documents within Ghidra's default help location.\n <p>\n This class is currently installed by the {@link GHelpSet}.\n@see GHelpSet","static":false,"extends":"javax.swing.text.html.HTMLEditorKit","methods":[{"javadoc":"","static":false,"name":"<init>","comment":"","params":[],"throws":[],"return":{"type_long":"void","comment":"","type_short":"void"}},{"javadoc":"","static":false,"name":"getViewFactory","comment":"","params":[],"throws":[],"return":{"type_long":"javax.swing.text.ViewFactory","comment":"","type_short":"ViewFactory"}},{"javadoc":"","static":false,"name":"install","comment":"","params":[{"type_long":"javax.swing.JEditorPane","name":"c","comment":"","type_short":"JEditorPane"}],"throws":[],"return":{"type_long":"void","comment":"","type_short":"void"}},{"javadoc":"","static":false,"name":"deinstall","comment":"","params":[{"type_long":"javax.swing.JEditorPane","name":"c","comment":"","type_short":"JEditorPane"}],"throws":[],"return":{"type_long":"void","comment":"","type_short":"void"}},{"javadoc":"","static":false,"name":"read","comment":"","params":[{"type_long":"java.io.Reader","name":"in","comment":"","type_short":"Reader"},{"type_long":"javax.swing.text.Document","name":"doc","comment":"","type_short":"Document"},{"type_long":"int","name":"pos","comment":"","type_short":"int"}],"throws":[{"type_long":"java.io.IOException","comment":"","type_short":"IOException"},{"type_long":"javax.swing.text.BadLocationException","comment":"","type_short":"BadLocationException"}],"return":{"type_long":"void","comment":"","type_short":"void"}},{"javadoc":"","static":true,"name":"zoomOut","comment":"","params":[],"throws":[],"return":{"type_long":"void","comment":"","type_short":"void"}},{"javadoc":"","static":true,"name":"zoomIn","comment":"","params":[],"throws":[],"return":{"type_long":"void","comment":"","type_short":"void"}}],"name":"GHelpHTMLEditorKit","comment":"A class that allows Ghidra to intercept JavaHelp navigation events in order to resolve them\n to Ghidra's help system.  Without this class, contribution plugins have no way of \n referencing help documents within Ghidra's default help location.\n \n This class is currently installed by the GHelpSet.","fields":[]}
