{"implements":[],"javadoc":"Ghidra help set that creates a GhidraHelpBroker, installs some custom HTML handling code via\n the GHelpHTMLEditorKit, and most importantly, changes how the JavaHelp system works with \n regard to integrating Help Sets.\n <p>\n The HelpSet class uses a javax.help.Map object to locate HTML files by javax.help.map.ID objects.\n This class has overridden that basic usage of the Map object to allow ID lookups to take \n place across GHelpSet objects.  We need to do this due to how we merge help set content \n across modules.  More specifically, in order to merge, we have to make all <tocitem> xml tags\n the same, including the target HTML file they may reference.  Well, when a module uses a \n <tocitem> tag that references an HTML file <b>not inside of it's module<\/b>, then JavaHelp \n considers this an error and does not correctly merge the HelpSets that share the reference.\n Further, it does not properly locate the shared HTML file reference.  This class allows lookups\n across modules by overridden the lookup functionality done by the map object.  More specifically,\n we override {@link #getCombinedMap()} and {@link #getLocalMap()} to use a custom delegate map\n object that knows how do do this \"cross-module\" help lookup.\n@see GHelpHTMLEditorKit","static":false,"extends":"javax.help.HelpSet","methods":[{"javadoc":"","static":false,"name":"<init>","comment":"","params":[{"type_long":"java.lang.ClassLoader","name":"loader","comment":"","type_short":"ClassLoader"},{"type_long":"java.net.URL","name":"helpset","comment":"","type_short":"URL"}],"throws":[{"type_long":"javax.help.HelpSetException","comment":"","type_short":"HelpSetException"}],"return":{"type_long":"void","comment":"","type_short":"void"}},{"javadoc":"","static":false,"name":"createHelpBroker","comment":"","params":[],"throws":[],"return":{"type_long":"javax.help.HelpBroker","comment":"","type_short":"HelpBroker"}},{"javadoc":"","static":false,"name":"getLocalMap","comment":"","params":[],"throws":[],"return":{"type_long":"javax.help.Map","comment":"","type_short":"Map"}},{"javadoc":"","static":false,"name":"getCombinedMap","comment":"","params":[],"throws":[],"return":{"type_long":"javax.help.Map","comment":"","type_short":"Map"}}],"name":"GHelpSet","comment":"Ghidra help set that creates a GhidraHelpBroker, installs some custom HTML handling code via\n the GHelpHTMLEditorKit, and most importantly, changes how the JavaHelp system works with \n regard to integrating Help Sets.\n \n The HelpSet class uses a javax.help.Map object to locate HTML files by javax.help.map.ID objects.\n This class has overridden that basic usage of the Map object to allow ID lookups to take \n place across GHelpSet objects.  We need to do this due to how we merge help set content \n across modules.  More specifically, in order to merge, we have to make all  xml tags\n the same, including the target HTML file they may reference.  Well, when a module uses a \n  tag that references an HTML file not inside of it's module, then JavaHelp \n considers this an error and does not correctly merge the HelpSets that share the reference.\n Further, it does not properly locate the shared HTML file reference.  This class allows lookups\n across modules by overridden the lookup functionality done by the map object.  More specifically,\n we override #getCombinedMap() and #getLocalMap() to use a custom delegate map\n object that knows how do do this \"cross-module\" help lookup.","fields":[]}
