{"implements":[],"javadoc":"Creates the HelpManager for the application. This is just a glorified global variable for \n the application.","static":false,"extends":"java.lang.Object","methods":[{"javadoc":"","static":false,"name":"<init>","comment":"","params":[],"throws":[],"return":{"type_long":"void","comment":"","type_short":"void"}},{"javadoc":"Get the help service\n@return null if the call to setMainHelpSetURL() failed","static":true,"name":"getHelpService","comment":"Get the help service","params":[],"throws":[],"return":{"type_long":"docking.help.HelpService","comment":"null if the call to setMainHelpSetURL() failed","type_short":"HelpService"}}],"name":"Help","comment":"Creates the HelpManager for the application. This is just a glorified global variable for \n the application.","fields":[]}
