{"implements":["docking.help.HelpService"],"javadoc":"Class that uses JavaHelp browser to show context sensitive help.\n \n <p>Note: this manager will validate all registered help when in development mode.  In order\n to catch items that have not registered help at all, we rely on those items to register a \n default {@link HelpLocation} that will get flagged as invalid.  Examples of this usage are\n the {@link DockingActionIf} and the {@link ComponentProvider} base classes.","static":false,"extends":"java.lang.Object","methods":[{"javadoc":"","static":false,"name":"helpExists","comment":"","params":[],"throws":[],"return":{"type_long":"boolean","comment":"","type_short":"boolean"}},{"javadoc":"Add the help set for the given URL.\n@param url url for the HelpSet (.hs) file\n@param classLoader the help classloader that knows how to find help modules in the classpath\n@throws HelpSetException if the help set could not be created from the given URL.","static":false,"name":"addHelpSet","comment":"Add the help set for the given URL.","params":[{"type_long":"java.net.URL","name":"url","comment":"url for the HelpSet (.hs) file","type_short":"URL"},{"type_long":"docking.help.GHelpClassLoader","name":"classLoader","comment":"the help classloader that knows how to find help modules in the classpath","type_short":"GHelpClassLoader"}],"throws":[{"type_long":"javax.help.HelpSetException","comment":"if the help set could not be created from the given URL.","type_short":"HelpSetException"}],"return":{"type_long":"void","comment":"","type_short":"void"}},{"javadoc":"","static":false,"name":"excludeFromHelp","comment":"","params":[{"type_long":"java.lang.Object","name":"helpObject","comment":"","type_short":"Object"}],"throws":[],"return":{"type_long":"void","comment":"","type_short":"void"}},{"javadoc":"","static":false,"name":"isExcludedFromHelp","comment":"","params":[{"type_long":"java.lang.Object","name":"helpObject","comment":"","type_short":"Object"}],"throws":[],"return":{"type_long":"boolean","comment":"","type_short":"boolean"}},{"javadoc":"","static":false,"name":"clearHelp","comment":"","params":[{"type_long":"java.lang.Object","name":"helpObject","comment":"","type_short":"Object"}],"throws":[],"return":{"type_long":"void","comment":"","type_short":"void"}},{"javadoc":"","static":false,"name":"registerHelp","comment":"","params":[{"type_long":"java.lang.Object","name":"helpObject","comment":"","type_short":"Object"},{"type_long":"ghidra.util.HelpLocation","name":"location","comment":"","type_short":"HelpLocation"}],"throws":[],"return":{"type_long":"void","comment":"","type_short":"void"}},{"javadoc":"Returns the Help location associated with the specified object\n or null if no help has been registered for the object.\n@param helpObj help object\n@return help location","static":false,"name":"getHelpLocation","comment":"Returns the Help location associated with the specified object\n or null if no help has been registered for the object.","params":[{"type_long":"java.lang.Object","name":"helpObj","comment":"help object","type_short":"Object"}],"throws":[],"return":{"type_long":"ghidra.util.HelpLocation","comment":"help location","type_short":"HelpLocation"}},{"javadoc":"Returns the master help set (the one into which all other help sets are merged).","static":false,"name":"getMasterHelpSet","comment":"Returns the master help set (the one into which all other help sets are merged).","params":[],"throws":[],"return":{"type_long":"docking.help.GHelpSet","comment":"","type_short":"GHelpSet"}},{"javadoc":"Display the help page for the given URL.  This is a specialty method for displaying\n help when a specific file is desired, like an introduction page.  Showing help for \n objects within the system is accomplished by calling \n {@link #showHelp(Object, boolean, Component)}.\n@param url the URL to display\n@see #showHelp(Object, boolean, Component)","static":false,"name":"showHelp","comment":"Display the help page for the given URL.  This is a specialty method for displaying\n help when a specific file is desired, like an introduction page.  Showing help for \n objects within the system is accomplished by calling \n #showHelp(Object, boolean, Component).","params":[{"type_long":"java.net.URL","name":"url","comment":"the URL to display","type_short":"URL"}],"throws":[],"return":{"type_long":"void","comment":"","type_short":"void"}},{"javadoc":"","static":false,"name":"showHelp","comment":"","params":[{"type_long":"java.lang.Object","name":"helpObj","comment":"","type_short":"Object"},{"type_long":"boolean","name":"infoOnly","comment":"","type_short":"boolean"},{"type_long":"java.awt.Component","name":"owner","comment":"","type_short":"Component"}],"throws":[],"return":{"type_long":"void","comment":"","type_short":"void"}},{"javadoc":"","static":false,"name":"getInvalidHelpLocations","comment":"","params":[{"type_long":"ghidra.util.task.TaskMonitor","name":"monitor","comment":"","type_short":"TaskMonitor"}],"throws":[{"type_long":"ghidra.util.exception.CancelledException","comment":"","type_short":"CancelledException"}],"return":{"type_long":"java.util.Map<java.lang.Object,ghidra.util.HelpLocation>","comment":"","type_short":"Map"}}],"name":"HelpManager","comment":"Class that uses JavaHelp browser to show context sensitive help.\n \n Note: this manager will validate all registered help when in development mode.  In order\n to catch items that have not registered help at all, we rely on those items to register a \n default HelpLocation that will get flagged as invalid.  Examples of this usage are\n the DockingActionIf and the ComponentProvider base classes.","fields":[{"type_long":"java.lang.String","javadoc":"","static":true,"name":"SHOW_AID_KEY","comment":"","type_short":"String","constant_value":"\"SHOW.HELP.NAVIGATION.AID\""}]}
