{"implements":[],"javadoc":"","static":false,"extends":"javax.swing.AbstractAction","methods":[{"javadoc":"","static":false,"name":"<init>","comment":"","params":[],"throws":[],"return":{"type_long":"void","comment":"","type_short":"void"}},{"javadoc":"","static":false,"name":"actionPerformed","comment":"","params":[{"type_long":"java.awt.event.ActionEvent","name":"e","comment":"","type_short":"ActionEvent"}],"throws":[],"return":{"type_long":"void","comment":"","type_short":"void"}}],"name":"ToggleNavigationAid","comment":"","fields":[]}
