{"implements":["java.awt.dnd.DragSourceListener"],"javadoc":"Adapter class that receives notifications in order to\n provide drag over effects.\n <p> When the operation ends, this class receives a\n <tt>dragDropEnd<\/tt> message, and is responsible for\n checking the success of the operation. If the operation was\n successful, and if it was a Move, then\n this class will remove the source data.","static":false,"extends":"java.lang.Object","methods":[{"javadoc":"Constructor\n@param dragComponent component that can be dragged.","static":false,"name":"<init>","comment":"Constructor","params":[{"type_long":"docking.dnd.Draggable","name":"dragComponent","comment":"component that can be dragged.","type_short":"Draggable"}],"throws":[],"return":{"type_long":"void","comment":"","type_short":"void"}},{"javadoc":"Called when the drag-drop operation completes.\n Calls the drag component's move() method if the action is a\n move operation.","static":false,"name":"dragDropEnd","comment":"Called when the drag-drop operation completes.\n Calls the drag component's move() method if the action is a\n move operation.","params":[{"type_long":"java.awt.dnd.DragSourceDropEvent","name":"e","comment":"","type_short":"DragSourceDropEvent"}],"throws":[],"return":{"type_long":"void","comment":"","type_short":"void"}},{"javadoc":"Called as the hotspot enters a platform dependent drop site.","static":false,"name":"dragEnter","comment":"Called as the hotspot enters a platform dependent drop site.","params":[{"type_long":"java.awt.dnd.DragSourceDragEvent","name":"e","comment":"","type_short":"DragSourceDragEvent"}],"throws":[],"return":{"type_long":"void","comment":"","type_short":"void"}},{"javadoc":"Called as the hotspot moves over a platform dependent drop site.","static":false,"name":"dragOver","comment":"Called as the hotspot moves over a platform dependent drop site.","params":[{"type_long":"java.awt.dnd.DragSourceDragEvent","name":"e","comment":"","type_short":"DragSourceDragEvent"}],"throws":[],"return":{"type_long":"void","comment":"","type_short":"void"}},{"javadoc":"Called as the hotspot exits a platform dependent drop site.","static":false,"name":"dragExit","comment":"Called as the hotspot exits a platform dependent drop site.","params":[{"type_long":"java.awt.dnd.DragSourceEvent","name":"e","comment":"","type_short":"DragSourceEvent"}],"throws":[],"return":{"type_long":"void","comment":"","type_short":"void"}},{"javadoc":"Drop action changed, i.e., ctrl key pressed during drag to\n change to a copy operation.","static":false,"name":"dropActionChanged","comment":"Drop action changed, i.e., ctrl key pressed during drag to\n change to a copy operation.","params":[{"type_long":"java.awt.dnd.DragSourceDragEvent","name":"e","comment":"","type_short":"DragSourceDragEvent"}],"throws":[],"return":{"type_long":"void","comment":"","type_short":"void"}}],"name":"DragSrcAdapter","comment":"Adapter class that receives notifications in order to\n provide drag over effects.\n  When the operation ends, this class receives a\n dragDropEnd message, and is responsible for\n checking the success of the operation. If the operation was\n successful, and if it was a Move, then\n this class will remove the source data.","fields":[]}
