{"implements":["java.awt.dnd.DragGestureListener"],"javadoc":"This class receives notification when the user intitiates a\n drag and drop operation; it is responsible for getting the\n <tt>Transferable<\/tt> and telling the <TT>DragSource<\/TT> to \n start the drag.","static":false,"extends":"java.lang.Object","methods":[{"javadoc":"Construct a new DragGestureAdapter\n@param dragComponent Component that can support drag operations","static":false,"name":"<init>","comment":"Construct a new DragGestureAdapter","params":[{"type_long":"docking.dnd.Draggable","name":"dragComponent","comment":"Component that can support drag operations","type_short":"Draggable"}],"throws":[],"return":{"type_long":"void","comment":"","type_short":"void"}},{"javadoc":"A <tt>DragGestureRecognizer<\/tt> has detected a \n platform-dependent Drag and Drop action initiating gesture\n and is notifying this Listener in order for it to initiate\n the action for the user.\n <p>The <tt>DragGestureRecognizer<\/tt> hides the platform-specific\n events that initate a drag and drop operation.\n@param e event describing the gesture that has just occurred","static":false,"name":"dragGestureRecognized","comment":"A DragGestureRecognizer has detected a \n platform-dependent Drag and Drop action initiating gesture\n and is notifying this Listener in order for it to initiate\n the action for the user.\n The DragGestureRecognizer hides the platform-specific\n events that initate a drag and drop operation.","params":[{"type_long":"java.awt.dnd.DragGestureEvent","name":"e","comment":"event describing the gesture that has just occurred","type_short":"DragGestureEvent"}],"throws":[],"return":{"type_long":"void","comment":"","type_short":"void"}}],"name":"DragGestureAdapter","comment":"This class receives notification when the user intitiates a\n drag and drop operation; it is responsible for getting the\n Transferable and telling the DragSource to \n start the drag.","fields":[]}
