{"implements":["java.awt.datatransfer.Transferable","java.awt.datatransfer.ClipboardOwner"],"javadoc":"Defines data that is available for drag\/drop and clipboard transfers.\n The data is an ArrayList of DragDropNode objects.","static":false,"extends":"java.lang.Object","methods":[{"javadoc":"Constructs a new Transferable from the array of DragDropNodes\n@param nodes the array of DragDropNodes being transfered.","static":false,"name":"<init>","comment":"Constructs a new Transferable from the array of DragDropNodes","params":[{"type_long":"docking.dnd.DragDropNode[]","name":"nodes","comment":"the array of DragDropNodes being transfered.","type_short":"docking.dnd.DragDropNode[]"}],"throws":[],"return":{"type_long":"void","comment":"","type_short":"void"}},{"javadoc":"Return all data flavors that this class supports.","static":false,"name":"getTransferDataFlavors","comment":"Return all data flavors that this class supports.","params":[],"throws":[],"return":{"type_long":"java.awt.datatransfer.DataFlavor[]","comment":"","type_short":"java.awt.datatransfer.DataFlavor[]"}},{"javadoc":"Return whether the specifed data flavor is supported.\n@param f the DataFlavor to check if supported.","static":false,"name":"isDataFlavorSupported","comment":"Return whether the specifed data flavor is supported.","params":[{"type_long":"java.awt.datatransfer.DataFlavor","name":"f","comment":"the DataFlavor to check if supported.","type_short":"DataFlavor"}],"throws":[],"return":{"type_long":"boolean","comment":"","type_short":"boolean"}},{"javadoc":"Return the transfer data with the given data flavor.\n@param f the DataFlavor for which to get a Transferable.","static":false,"name":"getTransferData","comment":"Return the transfer data with the given data flavor.","params":[{"type_long":"java.awt.datatransfer.DataFlavor","name":"f","comment":"the DataFlavor for which to get a Transferable.","type_short":"DataFlavor"}],"throws":[{"type_long":"java.awt.datatransfer.UnsupportedFlavorException","comment":"","type_short":"UnsupportedFlavorException"},{"type_long":"java.io.IOException","comment":"","type_short":"IOException"}],"return":{"type_long":"java.lang.Object","comment":"","type_short":"Object"}},{"javadoc":"Get the string representation for this transferable.","static":false,"name":"toString","comment":"Get the string representation for this transferable.","params":[],"throws":[],"return":{"type_long":"java.lang.String","comment":"","type_short":"String"}},{"javadoc":"Notification we have lost ownership of the clipboard because \n something else was put on the clipboard.\n@param clipboard the system clipboard.\n@param contents the Transferable lost in the clipboard.","static":false,"name":"lostOwnership","comment":"Notification we have lost ownership of the clipboard because \n something else was put on the clipboard.","params":[{"type_long":"java.awt.datatransfer.Clipboard","name":"clipboard","comment":"the system clipboard.","type_short":"Clipboard"},{"type_long":"java.awt.datatransfer.Transferable","name":"contents","comment":"the Transferable lost in the clipboard.","type_short":"Transferable"}],"throws":[],"return":{"type_long":"void","comment":"","type_short":"void"}}],"name":"DragDropTreeTransferable","comment":"Defines data that is available for drag\/drop and clipboard transfers.\n The data is an ArrayList of DragDropNode objects.","fields":[{"type_long":"java.awt.datatransfer.DataFlavor","javadoc":"A static instance of the local tree node flavor that is an\n ArrayList of DragDropNode objects.","static":true,"name":"localTreeNodeFlavor","comment":"A static instance of the local tree node flavor that is an\n ArrayList of DragDropNode objects.","type_short":"DataFlavor","constant_value":null}]}
