{"implements":[],"javadoc":"Defines a node that is in the DragDropTree.","static":false,"extends":"javax.swing.tree.DefaultMutableTreeNode","methods":[{"javadoc":"Constructs a new DragDropNode with the given name.\n@param name the name to associate with this node.","static":false,"name":"<init>","comment":"Constructs a new DragDropNode with the given name.","params":[{"type_long":"java.lang.String","name":"name","comment":"the name to associate with this node.","type_short":"String"}],"throws":[],"return":{"type_long":"void","comment":"","type_short":"void"}},{"javadoc":"Get the appropriate icon for this node's state; called\n by the tree cell renderer.\n@param expanded true if the node is expanded\n@param leaf true if the node is a leaf node","static":false,"name":"getIcon","comment":"Get the appropriate icon for this node's state; called\n by the tree cell renderer.","params":[{"type_long":"boolean","name":"expanded","comment":"true if the node is expanded","type_short":"boolean"},{"type_long":"boolean","name":"leaf","comment":"true if the node is a leaf node","type_short":"boolean"}],"throws":[],"return":{"type_long":"javax.swing.Icon","comment":"","type_short":"Icon"}},{"javadoc":"Return true if this node can be a drop target.\n@param dropNode node being dragged and dropped;\n could be null if the drag was initiated outside of the tree\n@param dropAction DnDConstants value for copy or move","static":false,"name":"isDropAllowed","comment":"Return true if this node can be a drop target.","params":[{"type_long":"docking.dnd.DragDropNode","name":"dropNode","comment":"node being dragged and dropped;\n could be null if the drag was initiated outside of the tree","type_short":"DragDropNode"},{"type_long":"int","name":"dropAction","comment":"DnDConstants value for copy or move","type_short":"int"}],"throws":[],"return":{"type_long":"boolean","comment":"","type_short":"boolean"}},{"javadoc":"Get the tool tip for this node.","static":false,"name":"getToolTipText","comment":"Get the tool tip for this node.","params":[],"throws":[],"return":{"type_long":"java.lang.String","comment":"","type_short":"String"}},{"javadoc":"Get the tree path for this node.\n@return TreePath","static":false,"name":"getTreePath","comment":"Get the tree path for this node.","params":[],"throws":[],"return":{"type_long":"javax.swing.tree.TreePath","comment":"TreePath","type_short":"TreePath"}},{"javadoc":"Set the name for this node.\n@param name the name to set on this node.","static":false,"name":"setName","comment":"Set the name for this node.","params":[{"type_long":"java.lang.String","name":"name","comment":"the name to set on this node.","type_short":"String"}],"throws":[],"return":{"type_long":"void","comment":"","type_short":"void"}},{"javadoc":"Get the name of this node.","static":false,"name":"getName","comment":"Get the name of this node.","params":[],"throws":[],"return":{"type_long":"java.lang.String","comment":"","type_short":"String"}}],"name":"DragDropNode","comment":"Defines a node that is in the DragDropTree.","fields":[]}
