{"implements":[],"javadoc":"Provides a place for clients to retrieve the Clipboard they should be using.  This class\n provides a level of indirection that allows us to inject clipboards as needed.\n \n <P>Note: if a test needs to check the contents of a native Java action, which will use the\n system clipboard, then that cannot rely on the contents of the system clipboard.  That test\n will have to use some other mechanism to know that the native action was executed.","static":false,"extends":"java.lang.Object","methods":[{"javadoc":"Returns the clipboard that should be used by the current JVM\n@return the clipboard","static":true,"name":"getSystemClipboard","comment":"Returns the clipboard that should be used by the current JVM","params":[],"throws":[],"return":{"type_long":"java.awt.datatransfer.Clipboard","comment":"the clipboard","type_short":"Clipboard"}}],"name":"GClipboard","comment":"Provides a place for clients to retrieve the Clipboard they should be using.  This class\n provides a level of indirection that allows us to inject clipboards as needed.\n \n Note: if a test needs to check the contents of a native Java action, which will use the\n system clipboard, then that cannot rely on the contents of the system clipboard.  That test\n will have to use some other mechanism to know that the native action was executed.","fields":[]}
