{"implements":["java.awt.datatransfer.Transferable"],"javadoc":"Provides drag-n-drop support for Images","static":false,"extends":"java.lang.Object","methods":[{"javadoc":"","static":false,"name":"<init>","comment":"","params":[{"type_long":"java.awt.Image","name":"img","comment":"","type_short":"Image"}],"throws":[],"return":{"type_long":"void","comment":"","type_short":"void"}},{"javadoc":"","static":false,"name":"getTransferDataFlavors","comment":"","params":[],"throws":[],"return":{"type_long":"java.awt.datatransfer.DataFlavor[]","comment":"","type_short":"java.awt.datatransfer.DataFlavor[]"}},{"javadoc":"","static":false,"name":"isDataFlavorSupported","comment":"","params":[{"type_long":"java.awt.datatransfer.DataFlavor","name":"flavor","comment":"","type_short":"DataFlavor"}],"throws":[],"return":{"type_long":"boolean","comment":"","type_short":"boolean"}},{"javadoc":"","static":false,"name":"getTransferData","comment":"","params":[{"type_long":"java.awt.datatransfer.DataFlavor","name":"flavor","comment":"","type_short":"DataFlavor"}],"throws":[{"type_long":"java.awt.datatransfer.UnsupportedFlavorException","comment":"","type_short":"UnsupportedFlavorException"},{"type_long":"java.io.IOException","comment":"","type_short":"IOException"}],"return":{"type_long":"java.lang.Object","comment":"","type_short":"Object"}}],"name":"ImageTransferable","comment":"Provides drag-n-drop support for Images","fields":[]}
