{"implements":["db.buffers.BufferFile"],"javadoc":"<code>BufferFileAdapter<\/code> provides a BufferFile implementation which\n wraps a BufferFileHandle.","static":false,"extends":"java.lang.Object","methods":[{"javadoc":"Constructor.\n@param remoteBufferFile remote buffer file handle","static":false,"name":"<init>","comment":"Constructor.","params":[{"type_long":"db.buffers.BufferFileHandle","name":"remoteBufferFile","comment":"remote buffer file handle","type_short":"BufferFileHandle"}],"throws":[],"return":{"type_long":"void","comment":"","type_short":"void"}},{"javadoc":"","static":false,"name":"getParameter","comment":"","params":[{"type_long":"java.lang.String","name":"name","comment":"","type_short":"String"}],"throws":[{"type_long":"java.util.NoSuchElementException","comment":"","type_short":"NoSuchElementException"},{"type_long":"java.io.IOException","comment":"","type_short":"IOException"}],"return":{"type_long":"int","comment":"","type_short":"int"}},{"javadoc":"","static":false,"name":"setParameter","comment":"","params":[{"type_long":"java.lang.String","name":"name","comment":"","type_short":"String"},{"type_long":"int","name":"value","comment":"","type_short":"int"}],"throws":[{"type_long":"java.io.IOException","comment":"","type_short":"IOException"}],"return":{"type_long":"void","comment":"","type_short":"void"}},{"javadoc":"","static":false,"name":"clearParameters","comment":"","params":[],"throws":[{"type_long":"java.io.IOException","comment":"","type_short":"IOException"}],"return":{"type_long":"void","comment":"","type_short":"void"}},{"javadoc":"","static":false,"name":"getParameterNames","comment":"","params":[],"throws":[{"type_long":"java.io.IOException","comment":"","type_short":"IOException"}],"return":{"type_long":"java.lang.String[]","comment":"","type_short":"java.lang.String[]"}},{"javadoc":"","static":false,"name":"getBufferSize","comment":"","params":[],"throws":[{"type_long":"java.io.IOException","comment":"","type_short":"IOException"}],"return":{"type_long":"int","comment":"","type_short":"int"}},{"javadoc":"","static":false,"name":"getIndexCount","comment":"","params":[],"throws":[{"type_long":"java.io.IOException","comment":"","type_short":"IOException"}],"return":{"type_long":"int","comment":"","type_short":"int"}},{"javadoc":"","static":false,"name":"getFreeIndexes","comment":"","params":[],"throws":[{"type_long":"java.io.IOException","comment":"","type_short":"IOException"}],"return":{"type_long":"int[]","comment":"","type_short":"int[]"}},{"javadoc":"","static":false,"name":"setFreeIndexes","comment":"","params":[{"type_long":"int[]","name":"indexes","comment":"","type_short":"int[]"}],"throws":[{"type_long":"java.io.IOException","comment":"","type_short":"IOException"}],"return":{"type_long":"void","comment":"","type_short":"void"}},{"javadoc":"","static":false,"name":"isReadOnly","comment":"","params":[],"throws":[{"type_long":"java.io.IOException","comment":"","type_short":"IOException"}],"return":{"type_long":"boolean","comment":"","type_short":"boolean"}},{"javadoc":"","static":false,"name":"setReadOnly","comment":"","params":[],"throws":[{"type_long":"java.io.IOException","comment":"","type_short":"IOException"}],"return":{"type_long":"boolean","comment":"","type_short":"boolean"}},{"javadoc":"","static":false,"name":"close","comment":"","params":[],"throws":[{"type_long":"java.io.IOException","comment":"","type_short":"IOException"}],"return":{"type_long":"void","comment":"","type_short":"void"}},{"javadoc":"","static":false,"name":"delete","comment":"","params":[],"throws":[{"type_long":"java.io.IOException","comment":"","type_short":"IOException"}],"return":{"type_long":"boolean","comment":"","type_short":"boolean"}},{"javadoc":"","static":false,"name":"dispose","comment":"","params":[],"throws":[],"return":{"type_long":"void","comment":"","type_short":"void"}},{"javadoc":"","static":false,"name":"get","comment":"","params":[{"type_long":"db.buffers.DataBuffer","name":"buf","comment":"","type_short":"DataBuffer"},{"type_long":"int","name":"index","comment":"","type_short":"int"}],"throws":[{"type_long":"java.io.IOException","comment":"","type_short":"IOException"}],"return":{"type_long":"db.buffers.DataBuffer","comment":"","type_short":"DataBuffer"}},{"javadoc":"","static":false,"name":"put","comment":"","params":[{"type_long":"db.buffers.DataBuffer","name":"buf","comment":"","type_short":"DataBuffer"},{"type_long":"int","name":"index","comment":"","type_short":"int"}],"throws":[{"type_long":"java.io.IOException","comment":"","type_short":"IOException"}],"return":{"type_long":"void","comment":"","type_short":"void"}},{"javadoc":"Determine if this file is remotely accessed\n@return true if file is remote","static":false,"name":"isRemote","comment":"Determine if this file is remotely accessed","params":[],"throws":[],"return":{"type_long":"boolean","comment":"true if file is remote","type_short":"boolean"}}],"name":"BufferFileAdapter","comment":"BufferFileAdapter provides a BufferFile implementation which\n wraps a BufferFileHandle.","fields":[]}
