{"implements":[],"javadoc":"<code>ChangeMap<\/code> facilitates the decoding of change-data \n to determine if a specific buffer was modified by the \n corresponding buffer file version.\n@see ChangeMapFile","static":false,"extends":"java.lang.Object","methods":[{"javadoc":"Constructor.\n@param mapData change map data","static":false,"name":"<init>","comment":"Constructor.","params":[{"type_long":"byte[]","name":"mapData","comment":"change map data","type_short":"byte[]"}],"throws":[],"return":{"type_long":"void","comment":"","type_short":"void"}},{"javadoc":"Get the underlying change map data as a byte array\n@return change map data","static":false,"name":"getData","comment":"Get the underlying change map data as a byte array","params":[],"throws":[],"return":{"type_long":"byte[]","comment":"change map data","type_short":"byte[]"}},{"javadoc":"Returns true if the change map data indicates that the \n specified buffer has been modified.\n@param index buffer index","static":false,"name":"hasChanged","comment":"Returns true if the change map data indicates that the \n specified buffer has been modified.","params":[{"type_long":"int","name":"index","comment":"buffer index","type_short":"int"}],"throws":[],"return":{"type_long":"boolean","comment":"","type_short":"boolean"}},{"javadoc":"Returns true if the specified index is within the bounds of this map.","static":false,"name":"containsIndex","comment":"Returns true if the specified index is within the bounds of this map.","params":[{"type_long":"int","name":"index","comment":"","type_short":"int"}],"throws":[],"return":{"type_long":"boolean","comment":"","type_short":"boolean"}}],"name":"ChangeMap","comment":"ChangeMap facilitates the decoding of change-data \n to determine if a specific buffer was modified by the \n corresponding buffer file version.","fields":[]}
