{"implements":["db.buffers.BufferFileManager"],"javadoc":"<code>DummyBufferFileMgr<\/code> produces buffer file names and \n tracks the current buffer file version.  No maintenance of buffer\n files is provided.","static":false,"extends":"java.lang.Object","methods":[{"javadoc":"","static":false,"name":"<init>","comment":"","params":[{"type_long":"java.io.File","name":"dir","comment":"","type_short":"File"},{"type_long":"java.lang.String","name":"name","comment":"","type_short":"String"},{"type_long":"boolean","name":"enableVersionFiles","comment":"","type_short":"boolean"},{"type_long":"boolean","name":"enableChangeFiles","comment":"","type_short":"boolean"}],"throws":[],"return":{"type_long":"void","comment":"","type_short":"void"}},{"javadoc":"","static":false,"name":"getCurrentVersion","comment":"","params":[],"throws":[],"return":{"type_long":"int","comment":"","type_short":"int"}},{"javadoc":"","static":false,"name":"getBufferFile","comment":"","params":[{"type_long":"int","name":"version","comment":"","type_short":"int"}],"throws":[],"return":{"type_long":"java.io.File","comment":"","type_short":"File"}},{"javadoc":"","static":false,"name":"getVersionFile","comment":"","params":[{"type_long":"int","name":"version","comment":"","type_short":"int"}],"throws":[],"return":{"type_long":"java.io.File","comment":"","type_short":"File"}},{"javadoc":"","static":false,"name":"getChangeDataFile","comment":"","params":[{"type_long":"int","name":"version","comment":"","type_short":"int"}],"throws":[],"return":{"type_long":"java.io.File","comment":"","type_short":"File"}},{"javadoc":"","static":false,"name":"getChangeMapFile","comment":"","params":[],"throws":[],"return":{"type_long":"java.io.File","comment":"","type_short":"File"}},{"javadoc":"","static":false,"name":"versionCreated","comment":"","params":[{"type_long":"int","name":"version","comment":"","type_short":"int"},{"type_long":"java.lang.String","name":"comment","comment":"","type_short":"String"},{"type_long":"long","name":"checkinId","comment":"","type_short":"long"}],"throws":[],"return":{"type_long":"void","comment":"","type_short":"void"}},{"javadoc":"","static":false,"name":"updateEnded","comment":"","params":[{"type_long":"long","name":"checkinId","comment":"","type_short":"long"}],"throws":[],"return":{"type_long":"void","comment":"","type_short":"void"}}],"name":"DummyBufferFileMgr","comment":"DummyBufferFileMgr produces buffer file names and \n tracks the current buffer file version.  No maintenance of buffer\n files is provided.","fields":[]}
