{"implements":["db.buffers.ManagedBufferFile"],"javadoc":"<code>ManagedBufferFileAdapter<\/code> provides a ManagedBufferFile implementation which\n wraps a ManagedBufferFileHandle.","static":false,"extends":"db.buffers.BufferFileAdapter","methods":[{"javadoc":"Constructor.\n@param remoteBufferFile remote buffer file handle","static":false,"name":"<init>","comment":"Constructor.","params":[{"type_long":"db.buffers.ManagedBufferFileHandle","name":"remoteManagedBufferFile","comment":"","type_short":"ManagedBufferFileHandle"}],"throws":[],"return":{"type_long":"void","comment":"","type_short":"void"}},{"javadoc":"","static":false,"name":"getSaveFile","comment":"","params":[],"throws":[{"type_long":"java.io.IOException","comment":"","type_short":"IOException"}],"return":{"type_long":"db.buffers.ManagedBufferFile","comment":"","type_short":"ManagedBufferFile"}},{"javadoc":"","static":false,"name":"saveCompleted","comment":"","params":[{"type_long":"boolean","name":"commit","comment":"","type_short":"boolean"}],"throws":[{"type_long":"java.io.IOException","comment":"","type_short":"IOException"}],"return":{"type_long":"void","comment":"","type_short":"void"}},{"javadoc":"","static":false,"name":"canSave","comment":"","params":[],"throws":[{"type_long":"java.io.IOException","comment":"","type_short":"IOException"}],"return":{"type_long":"boolean","comment":"","type_short":"boolean"}},{"javadoc":"","static":false,"name":"setVersionComment","comment":"","params":[{"type_long":"java.lang.String","name":"comment","comment":"","type_short":"String"}],"throws":[{"type_long":"java.io.IOException","comment":"","type_short":"IOException"}],"return":{"type_long":"void","comment":"","type_short":"void"}},{"javadoc":"","static":false,"name":"getNextChangeDataFile","comment":"","params":[{"type_long":"boolean","name":"getFirst","comment":"","type_short":"boolean"}],"throws":[{"type_long":"java.io.IOException","comment":"","type_short":"IOException"}],"return":{"type_long":"db.buffers.BufferFile","comment":"","type_short":"BufferFile"}},{"javadoc":"","static":false,"name":"getSaveChangeDataFile","comment":"","params":[],"throws":[{"type_long":"java.io.IOException","comment":"","type_short":"IOException"}],"return":{"type_long":"db.buffers.BufferFile","comment":"","type_short":"BufferFile"}},{"javadoc":"","static":false,"name":"getCheckinID","comment":"","params":[],"throws":[{"type_long":"java.io.IOException","comment":"","type_short":"IOException"}],"return":{"type_long":"long","comment":"","type_short":"long"}},{"javadoc":"","static":false,"name":"getForwardModMapData","comment":"","params":[{"type_long":"int","name":"oldVersion","comment":"","type_short":"int"}],"throws":[{"type_long":"java.io.IOException","comment":"","type_short":"IOException"}],"return":{"type_long":"byte[]","comment":"","type_short":"byte[]"}}],"name":"ManagedBufferFileAdapter","comment":"ManagedBufferFileAdapter provides a ManagedBufferFile implementation which\n wraps a ManagedBufferFileHandle.","fields":[]}
