{"implements":[],"javadoc":"<code>VersionFileHandler<\/code> allows a set of VersionFile's to be used in\n the dynamic reconstruction of an older BufferFile.  In an attempt to\n conserve file handles, only one VersionFile is held open at any point\n in time.\n <p>\n When constructed, this handler determines the set of VersionFile's needed to \n reconstruct an older version from a specified target version.","static":false,"extends":"java.lang.Object","methods":[{"javadoc":"Returns buffer count for original buffer file.","static":false,"name":"getOriginalBufferCount","comment":"Returns buffer count for original buffer file.","params":[],"throws":[],"return":{"type_long":"int","comment":"","type_short":"int"}}],"name":"VersionFileHandler","comment":"VersionFileHandler allows a set of VersionFile's to be used in\n the dynamic reconstruction of an older BufferFile.  In an attempt to\n conserve file handles, only one VersionFile is held open at any point\n in time.\n \n When constructed, this handler determines the set of VersionFile's needed to \n reconstruct an older version from a specified target version.","fields":[]}
