{"implements":[],"javadoc":"","static":false,"extends":"generic.test.AbstractGenericTest","methods":[{"javadoc":"","static":false,"name":"setUp","comment":"","params":[],"throws":[{"type_long":"java.lang.Exception","comment":"","type_short":"Exception"}],"return":{"type_long":"void","comment":"","type_short":"void"}},{"javadoc":"","static":false,"name":"tearDown","comment":"","params":[],"throws":[{"type_long":"java.lang.Exception","comment":"","type_short":"Exception"}],"return":{"type_long":"void","comment":"","type_short":"void"}},{"javadoc":"","static":false,"name":"testCreateChainedBuffer","comment":"","params":[],"throws":[{"type_long":"java.io.IOException","comment":"","type_short":"IOException"}],"return":{"type_long":"void","comment":"","type_short":"void"}},{"javadoc":"","static":false,"name":"testReadOnlyChainedBuffer","comment":"","params":[],"throws":[{"type_long":"java.io.IOException","comment":"","type_short":"IOException"}],"return":{"type_long":"void","comment":"","type_short":"void"}},{"javadoc":"","static":false,"name":"testFillChainnedBuffer","comment":"","params":[],"throws":[{"type_long":"java.io.IOException","comment":"","type_short":"IOException"}],"return":{"type_long":"void","comment":"","type_short":"void"}},{"javadoc":"","static":false,"name":"testBigChainnedBuffer","comment":"","params":[],"throws":[{"type_long":"java.io.IOException","comment":"","type_short":"IOException"}],"return":{"type_long":"void","comment":"","type_short":"void"}},{"javadoc":"","static":false,"name":"testPutAndGet","comment":"","params":[],"throws":[{"type_long":"java.io.IOException","comment":"","type_short":"IOException"}],"return":{"type_long":"void","comment":"","type_short":"void"}},{"javadoc":"","static":false,"name":"testSetByte","comment":"","params":[],"throws":[{"type_long":"java.io.IOException","comment":"","type_short":"IOException"}],"return":{"type_long":"void","comment":"","type_short":"void"}},{"javadoc":"","static":false,"name":"testGetByte","comment":"","params":[],"throws":[{"type_long":"java.io.IOException","comment":"","type_short":"IOException"}],"return":{"type_long":"void","comment":"","type_short":"void"}},{"javadoc":"","static":false,"name":"testSetInt","comment":"","params":[],"throws":[{"type_long":"java.io.IOException","comment":"","type_short":"IOException"}],"return":{"type_long":"void","comment":"","type_short":"void"}},{"javadoc":"","static":false,"name":"testGetInt","comment":"","params":[],"throws":[{"type_long":"java.io.IOException","comment":"","type_short":"IOException"}],"return":{"type_long":"void","comment":"","type_short":"void"}},{"javadoc":"","static":false,"name":"testSetLong","comment":"","params":[],"throws":[{"type_long":"java.io.IOException","comment":"","type_short":"IOException"}],"return":{"type_long":"void","comment":"","type_short":"void"}},{"javadoc":"","static":false,"name":"testGetLong","comment":"","params":[],"throws":[{"type_long":"java.io.IOException","comment":"","type_short":"IOException"}],"return":{"type_long":"void","comment":"","type_short":"void"}},{"javadoc":"","static":false,"name":"testSetShort","comment":"","params":[],"throws":[{"type_long":"java.io.IOException","comment":"","type_short":"IOException"}],"return":{"type_long":"void","comment":"","type_short":"void"}},{"javadoc":"","static":false,"name":"testGetShort","comment":"","params":[],"throws":[{"type_long":"java.io.IOException","comment":"","type_short":"IOException"}],"return":{"type_long":"void","comment":"","type_short":"void"}},{"javadoc":"","static":false,"name":"testGetId","comment":"","params":[],"throws":[{"type_long":"java.io.IOException","comment":"","type_short":"IOException"}],"return":{"type_long":"void","comment":"","type_short":"void"}},{"javadoc":"","static":false,"name":"testDelete","comment":"","params":[],"throws":[{"type_long":"java.io.IOException","comment":"","type_short":"IOException"}],"return":{"type_long":"void","comment":"","type_short":"void"}},{"javadoc":"","static":false,"name":"testSplit","comment":"","params":[],"throws":[{"type_long":"java.io.IOException","comment":"","type_short":"IOException"}],"return":{"type_long":"void","comment":"","type_short":"void"}},{"javadoc":"","static":false,"name":"testAppend","comment":"","params":[],"throws":[{"type_long":"java.io.IOException","comment":"","type_short":"IOException"}],"return":{"type_long":"void","comment":"","type_short":"void"}},{"javadoc":"","static":false,"name":"testSetSize","comment":"","params":[],"throws":[{"type_long":"java.io.IOException","comment":"","type_short":"IOException"}],"return":{"type_long":"void","comment":"","type_short":"void"}}],"name":"AbstractChainedBufferTest","comment":"","fields":[]}
