{"implements":[],"javadoc":"<code>BooleanField<\/code> provides a wrapper for boolean data which is read or\n written to a Record.","static":false,"extends":"db.Field","methods":[{"javadoc":"Construct a boolean data field with an initial value of false.","static":false,"name":"<init>","comment":"Construct a boolean data field with an initial value of false.","params":[],"throws":[],"return":{"type_long":"void","comment":"","type_short":"void"}},{"javadoc":"Construct a boolean data field with an initial value of b.\n@param b initial value","static":false,"name":"<init>","comment":"Construct a boolean data field with an initial value of b.","params":[{"type_long":"boolean","name":"b","comment":"initial value","type_short":"boolean"}],"throws":[],"return":{"type_long":"void","comment":"","type_short":"void"}},{"javadoc":"","static":false,"name":"getBooleanValue","comment":"","params":[],"throws":[],"return":{"type_long":"boolean","comment":"","type_short":"boolean"}},{"javadoc":"","static":false,"name":"setBooleanValue","comment":"","params":[{"type_long":"boolean","name":"b","comment":"","type_short":"boolean"}],"throws":[],"return":{"type_long":"void","comment":"","type_short":"void"}},{"javadoc":"","static":false,"name":"toString","comment":"","params":[],"throws":[],"return":{"type_long":"java.lang.String","comment":"","type_short":"String"}},{"javadoc":"","static":false,"name":"getValueAsString","comment":"","params":[],"throws":[],"return":{"type_long":"java.lang.String","comment":"","type_short":"String"}},{"javadoc":"","static":false,"name":"equals","comment":"","params":[{"type_long":"java.lang.Object","name":"obj","comment":"","type_short":"Object"}],"throws":[],"return":{"type_long":"boolean","comment":"","type_short":"boolean"}},{"javadoc":"","static":false,"name":"compareTo","comment":"","params":[{"type_long":"db.Field","name":"o","comment":"","type_short":"Field"}],"throws":[],"return":{"type_long":"int","comment":"","type_short":"int"}},{"javadoc":"","static":false,"name":"newField","comment":"","params":[{"type_long":"db.Field","name":"fieldValue","comment":"","type_short":"Field"}],"throws":[],"return":{"type_long":"db.Field","comment":"","type_short":"Field"}},{"javadoc":"","static":false,"name":"newField","comment":"","params":[],"throws":[],"return":{"type_long":"db.Field","comment":"","type_short":"Field"}},{"javadoc":"","static":false,"name":"getLongValue","comment":"","params":[],"throws":[],"return":{"type_long":"long","comment":"","type_short":"long"}},{"javadoc":"","static":false,"name":"getBinaryData","comment":"","params":[],"throws":[],"return":{"type_long":"byte[]","comment":"","type_short":"byte[]"}},{"javadoc":"","static":false,"name":"hashCode","comment":"","params":[],"throws":[],"return":{"type_long":"int","comment":"","type_short":"int"}}],"name":"BooleanField","comment":"BooleanField provides a wrapper for boolean data which is read or\n written to a Record.","fields":[]}
