{"implements":[],"javadoc":"<code>ByteField<\/code> provides a wrapper for single signed byte data \n which is read or written to a Record.","static":false,"extends":"db.Field","methods":[{"javadoc":"Construct a byte field with an initial value of 0.","static":false,"name":"<init>","comment":"Construct a byte field with an initial value of 0.","params":[],"throws":[],"return":{"type_long":"void","comment":"","type_short":"void"}},{"javadoc":"Construct a byte field with an initial value of b.\n@param b initial value","static":false,"name":"<init>","comment":"Construct a byte field with an initial value of b.","params":[{"type_long":"byte","name":"b","comment":"initial value","type_short":"byte"}],"throws":[],"return":{"type_long":"void","comment":"","type_short":"void"}},{"javadoc":"","static":false,"name":"getByteValue","comment":"","params":[],"throws":[],"return":{"type_long":"byte","comment":"","type_short":"byte"}},{"javadoc":"","static":false,"name":"setByteValue","comment":"","params":[{"type_long":"byte","name":"value","comment":"","type_short":"byte"}],"throws":[],"return":{"type_long":"void","comment":"","type_short":"void"}},{"javadoc":"","static":false,"name":"toString","comment":"","params":[],"throws":[],"return":{"type_long":"java.lang.String","comment":"","type_short":"String"}},{"javadoc":"","static":false,"name":"getValueAsString","comment":"","params":[],"throws":[],"return":{"type_long":"java.lang.String","comment":"","type_short":"String"}},{"javadoc":"","static":false,"name":"equals","comment":"","params":[{"type_long":"java.lang.Object","name":"obj","comment":"","type_short":"Object"}],"throws":[],"return":{"type_long":"boolean","comment":"","type_short":"boolean"}},{"javadoc":"","static":false,"name":"compareTo","comment":"","params":[{"type_long":"db.Field","name":"o","comment":"","type_short":"Field"}],"throws":[],"return":{"type_long":"int","comment":"","type_short":"int"}},{"javadoc":"","static":false,"name":"newField","comment":"","params":[{"type_long":"db.Field","name":"fieldValue","comment":"","type_short":"Field"}],"throws":[],"return":{"type_long":"db.Field","comment":"","type_short":"Field"}},{"javadoc":"","static":false,"name":"newField","comment":"","params":[],"throws":[],"return":{"type_long":"db.Field","comment":"","type_short":"Field"}},{"javadoc":"","static":false,"name":"getLongValue","comment":"","params":[],"throws":[],"return":{"type_long":"long","comment":"","type_short":"long"}},{"javadoc":"","static":false,"name":"setLongValue","comment":"","params":[{"type_long":"long","name":"value","comment":"","type_short":"long"}],"throws":[],"return":{"type_long":"void","comment":"","type_short":"void"}},{"javadoc":"","static":false,"name":"getBinaryData","comment":"","params":[],"throws":[],"return":{"type_long":"byte[]","comment":"","type_short":"byte[]"}},{"javadoc":"","static":false,"name":"hashCode","comment":"","params":[],"throws":[],"return":{"type_long":"int","comment":"","type_short":"int"}}],"name":"ByteField","comment":"ByteField provides a wrapper for single signed byte data \n which is read or written to a Record.","fields":[]}
