{"implements":["db.RecordIterator"],"javadoc":"<code>ConvertedRecordIterator<\/code> provides a RecordIterator wrapper\n for performing record conversion frequently required when using older\n data.","static":false,"extends":"java.lang.Object","methods":[{"javadoc":"@see db.RecordIterator#delete()","static":false,"name":"delete","comment":"","params":[],"throws":[{"type_long":"java.io.IOException","comment":"","type_short":"IOException"}],"return":{"type_long":"boolean","comment":"","type_short":"boolean"}},{"javadoc":"@see db.RecordIterator#hasNext()","static":false,"name":"hasNext","comment":"","params":[],"throws":[{"type_long":"java.io.IOException","comment":"","type_short":"IOException"}],"return":{"type_long":"boolean","comment":"","type_short":"boolean"}},{"javadoc":"@see db.RecordIterator#hasPrevious()","static":false,"name":"hasPrevious","comment":"","params":[],"throws":[{"type_long":"java.io.IOException","comment":"","type_short":"IOException"}],"return":{"type_long":"boolean","comment":"","type_short":"boolean"}},{"javadoc":"@see db.RecordIterator#next()","static":false,"name":"next","comment":"","params":[],"throws":[{"type_long":"java.io.IOException","comment":"","type_short":"IOException"}],"return":{"type_long":"db.Record","comment":"","type_short":"Record"}},{"javadoc":"@see db.RecordIterator#previous()","static":false,"name":"previous","comment":"","params":[],"throws":[{"type_long":"java.io.IOException","comment":"","type_short":"IOException"}],"return":{"type_long":"db.Record","comment":"","type_short":"Record"}}],"name":"ConvertedRecordIterator","comment":"ConvertedRecordIterator provides a RecordIterator wrapper\n for performing record conversion frequently required when using older\n data.","fields":[]}
