{"implements":[],"javadoc":"<code>Database<\/code> facilitates the creation of a DBHandle for accessing\n a database.\n <p>\n Public constructors are only provided for use with \"Non-Versioned\" databases.\n This class should be extended when additional management features are needed, \n such as for a \"Versioned\" database.\n <p>\n This class assumes exclusive control of the associated files contained within the \n associated database directory and relies on the proper establishment of a \n syncObject to midigate potential concurrent modification issues.","static":false,"extends":"java.lang.Object","methods":[{"javadoc":"Set the object to be used for synchronization.\n@param syncObject","static":false,"name":"setSynchronizationObject","comment":"Set the object to be used for synchronization.","params":[{"type_long":"java.lang.Object","name":"syncObject","comment":"","type_short":"Object"}],"throws":[],"return":{"type_long":"void","comment":"","type_short":"void"}},{"javadoc":"Returns the time at which this database was last saved.","static":false,"name":"lastModified","comment":"Returns the time at which this database was last saved.","params":[],"throws":[],"return":{"type_long":"long","comment":"","type_short":"long"}},{"javadoc":"Returns the version number associated with the latest buffer file version.","static":false,"name":"getCurrentVersion","comment":"Returns the version number associated with the latest buffer file version.","params":[],"throws":[],"return":{"type_long":"int","comment":"","type_short":"int"}},{"javadoc":"Open the stored database for non-update use.\n The returned handle does not support the Save operation.\n@param monitor task monitor (may be null)\n@return database handle\n@throws FileInUseException thrown if unable to obtain the required database lock(s).\n@throws IOException thrown if IO error occurs.\n@throws CancelledException if cancelled by monitor","static":false,"name":"open","comment":"Open the stored database for non-update use.\n The returned handle does not support the Save operation.","params":[{"type_long":"ghidra.util.task.TaskMonitor","name":"monitor","comment":"task monitor (may be null)","type_short":"TaskMonitor"}],"throws":[{"type_long":"java.io.IOException","comment":"thrown if IO error occurs.","type_short":"IOException"},{"type_long":"ghidra.util.exception.CancelledException","comment":"if cancelled by monitor","type_short":"CancelledException"}],"return":{"type_long":"db.DBHandle","comment":"database handle","type_short":"DBHandle"}},{"javadoc":"Open the stored database for update use.\n@param monitor task monitor (may be null)\n@return buffer file\n@throws FileInUseException thrown if unable to obtain the required database lock(s).\n@throws IOException thrown if IO error occurs.\n@throws CancelledException if cancelled by monitor","static":false,"name":"openForUpdate","comment":"Open the stored database for update use.","params":[{"type_long":"ghidra.util.task.TaskMonitor","name":"monitor","comment":"task monitor (may be null)","type_short":"TaskMonitor"}],"throws":[{"type_long":"java.io.IOException","comment":"thrown if IO error occurs.","type_short":"IOException"},{"type_long":"ghidra.util.exception.CancelledException","comment":"if cancelled by monitor","type_short":"CancelledException"}],"return":{"type_long":"db.DBHandle","comment":"buffer file","type_short":"DBHandle"}},{"javadoc":"Returns the length of this domain file.  This size is the minimum disk space\n used for storing this file, but does not account for additional storage space\n used to tracks changes, etc.\n@return file length\n@throws IOException thrown if IO or access error occurs","static":false,"name":"length","comment":"Returns the length of this domain file.  This size is the minimum disk space\n used for storing this file, but does not account for additional storage space\n used to tracks changes, etc.","params":[],"throws":[{"type_long":"java.io.IOException","comment":"thrown if IO or access error occurs","type_short":"IOException"}],"return":{"type_long":"long","comment":"file length","type_short":"long"}},{"javadoc":"Scan files and update state.","static":false,"name":"refresh","comment":"Scan files and update state.","params":[],"throws":[{"type_long":"java.io.FileNotFoundException","comment":"","type_short":"FileNotFoundException"}],"return":{"type_long":"void","comment":"","type_short":"void"}}],"name":"Database","comment":"Database facilitates the creation of a DBHandle for accessing\n a database.\n \n Public constructors are only provided for use with \"Non-Versioned\" databases.\n This class should be extended when additional management features are needed, \n such as for a \"Versioned\" database.\n \n This class assumes exclusive control of the associated files contained within the \n associated database directory and relies on the proper establishment of a \n syncObject to midigate potential concurrent modification issues.","fields":[]}
