{"implements":[],"javadoc":"<code>DBBuffer<\/code> facilitates synchronized access to a ChainedBuffer.","static":false,"extends":"java.lang.Object","methods":[{"javadoc":"Split this DBBuffer object into two seperate DBBuffers.  This DBBuffer remains\n valid but its new size is equal offset.  The newly created DBBuffer is \n returned.\n@param offset the split point.  The byte at this offset becomes the first\n byte within the new buffer.\n@return the new DBBuffer object.\n@throws ArrayIndexOutOfBoundsException if offset is invalid.\n@throws IOException thrown if an IO error occurs","static":false,"name":"split","comment":"Split this DBBuffer object into two seperate DBBuffers.  This DBBuffer remains\n valid but its new size is equal offset.  The newly created DBBuffer is \n returned.","params":[{"type_long":"int","name":"offset","comment":"the split point.  The byte at this offset becomes the first\n byte within the new buffer.","type_short":"int"}],"throws":[{"type_long":"java.io.IOException","comment":"thrown if an IO error occurs","type_short":"IOException"}],"return":{"type_long":"db.DBBuffer","comment":"the new DBBuffer object.","type_short":"DBBuffer"}},{"javadoc":"Set the new size for this DBBuffer object.\n@param size new size\n@param preserveData if true, existing data is preserved at the original offsets.  If false,\n no additional effort will be expended to preserve data.\n@throws IOException thrown if an IO error occurs.","static":false,"name":"setSize","comment":"Set the new size for this DBBuffer object.","params":[{"type_long":"int","name":"size","comment":"new size","type_short":"int"},{"type_long":"boolean","name":"preserveData","comment":"if true, existing data is preserved at the original offsets.  If false,\n no additional effort will be expended to preserve data.","type_short":"boolean"}],"throws":[{"type_long":"java.io.IOException","comment":"thrown if an IO error occurs.","type_short":"IOException"}],"return":{"type_long":"void","comment":"","type_short":"void"}},{"javadoc":"Returns the length;\n@return ","static":false,"name":"length","comment":"Returns the length;","params":[],"throws":[],"return":{"type_long":"int","comment":"","type_short":"int"}},{"javadoc":"Get the first buffer ID associated with this chained buffer.  This DBBuffer\n may be reinstatiated using the returned buffer ID provided subsequent changes \n are not made.\n@return buffer ID","static":false,"name":"getId","comment":"Get the first buffer ID associated with this chained buffer.  This DBBuffer\n may be reinstatiated using the returned buffer ID provided subsequent changes \n are not made.","params":[],"throws":[],"return":{"type_long":"int","comment":"buffer ID","type_short":"int"}},{"javadoc":"Fill the buffer over the specified range with a byte value.\n@param startOffset starting offset, inclusive\n@param endOffset ending offset, exclusive\n@param fillByte byte value","static":false,"name":"fill","comment":"Fill the buffer over the specified range with a byte value.","params":[{"type_long":"int","name":"startOffset","comment":"starting offset, inclusive","type_short":"int"},{"type_long":"int","name":"endOffset","comment":"ending offset, exclusive","type_short":"int"},{"type_long":"byte","name":"fillByte","comment":"byte value","type_short":"byte"}],"throws":[{"type_long":"java.io.IOException","comment":"","type_short":"IOException"}],"return":{"type_long":"void","comment":"","type_short":"void"}},{"javadoc":"Append the contents of the specified dbBuf onto the end of this buffer.\n The size of this buffer increases by the size of dbBuf.  When the operation \n is complete, dbBuf object is no longer valid and must not be used.\n@param dbBuf the buffer to be appended to this buffer.\n@throws IOException thrown if an IO error occurs","static":false,"name":"append","comment":"Append the contents of the specified dbBuf onto the end of this buffer.\n The size of this buffer increases by the size of dbBuf.  When the operation \n is complete, dbBuf object is no longer valid and must not be used.","params":[{"type_long":"db.DBBuffer","name":"buffer","comment":"","type_short":"DBBuffer"}],"throws":[{"type_long":"java.io.IOException","comment":"thrown if an IO error occurs","type_short":"IOException"}],"return":{"type_long":"void","comment":"","type_short":"void"}},{"javadoc":"Get the 8-bit byte value located at the specified offset.\n@param offset byte offset from start of buffer.\n@return the byte value at the specified offset.\n@throws ArrayIndexOutOfBoundsException is thrown if an invalid offset is\n specified.\n@throws IOException is thrown if an error occurs while accessing the\n underlying storage.","static":false,"name":"getByte","comment":"Get the 8-bit byte value located at the specified offset.","params":[{"type_long":"int","name":"offset","comment":"byte offset from start of buffer.","type_short":"int"}],"throws":[{"type_long":"java.io.IOException","comment":"is thrown if an error occurs while accessing the\n underlying storage.","type_short":"IOException"}],"return":{"type_long":"byte","comment":"the byte value at the specified offset.","type_short":"byte"}},{"javadoc":"Get the byte data located at the specified offset and store into the data\n array  at the specified data offset.\n@param offset byte offset from the start of the buffer.\n@param data byte array to store the data.\n@param dataOffset offset into the data buffer\n@param length amount of data to read\n@throws ArrayIndexOutOfBoundsException if an invalid offset, dataOffset,\n or length is specified.\n@throws IOException is thrown if an error occurs while accessing the\n underlying storage.","static":false,"name":"get","comment":"Get the byte data located at the specified offset and store into the data\n array  at the specified data offset.","params":[{"type_long":"int","name":"offset","comment":"byte offset from the start of the buffer.","type_short":"int"},{"type_long":"byte[]","name":"data","comment":"byte array to store the data.","type_short":"byte[]"},{"type_long":"int","name":"dataOffset","comment":"offset into the data buffer","type_short":"int"},{"type_long":"int","name":"length","comment":"amount of data to read","type_short":"int"}],"throws":[{"type_long":"java.io.IOException","comment":"is thrown if an error occurs while accessing the\n underlying storage.","type_short":"IOException"}],"return":{"type_long":"void","comment":"","type_short":"void"}},{"javadoc":"Fill buffer with data provided by InputStream.  If \n stream is exhausted, the remainder of the buffer will be filled\n with 0's.\n@param in data source\n@throws IOException thrown if IO error occurs.","static":false,"name":"fill","comment":"Fill buffer with data provided by InputStream.  If \n stream is exhausted, the remainder of the buffer will be filled\n with 0's.","params":[{"type_long":"java.io.InputStream","name":"in","comment":"data source","type_short":"InputStream"}],"throws":[{"type_long":"java.io.IOException","comment":"thrown if IO error occurs.","type_short":"IOException"}],"return":{"type_long":"void","comment":"","type_short":"void"}},{"javadoc":"Put a specified number of bytes from the array provided into the buffer\n at the specified offset.  The number of bytes stored is specified by the\n length specified.\n@param offset byte offset from start of buffer.\n@param data the byte data to be stored.\n@param dataOffset the starting offset into the data.\n@param length the number of bytes to be stored.\n@return the next available offset into the buffer, or -1 if the buffer is\n full.\n@throws ArrayIndexOutOfBoundsException if an invalid offset is provided\n or the end of buffer was encountered while storing the data.\n@throws IOException is thrown if an error occurs while accessing the\n underlying storage.","static":false,"name":"put","comment":"Put a specified number of bytes from the array provided into the buffer\n at the specified offset.  The number of bytes stored is specified by the\n length specified.","params":[{"type_long":"int","name":"offset","comment":"byte offset from start of buffer.","type_short":"int"},{"type_long":"byte[]","name":"bytes","comment":"","type_short":"byte[]"},{"type_long":"int","name":"dataOffset","comment":"the starting offset into the data.","type_short":"int"},{"type_long":"int","name":"length","comment":"the number of bytes to be stored.","type_short":"int"}],"throws":[{"type_long":"java.io.IOException","comment":"is thrown if an error occurs while accessing the\n underlying storage.","type_short":"IOException"}],"return":{"type_long":"void","comment":"the next available offset into the buffer, or -1 if the buffer is\n full.","type_short":"void"}},{"javadoc":"Put the bytes provided into the buffer at the specified offset. The\n number of bytes stored is determined by the length of the bytes\n array.\n@param offset byte offset from start of buffer.\n@param bytes the byte data to be stored.\n@return the next available offset into the buffer, or -1 if the buffer is\n full.\n@throws ArrayIndexOutOfBoundsException if an invalid offset is provided\n or the end of buffer was encountered while storing the data.\n@throws IOException is thrown if an error occurs while accessing the\n underlying storage.","static":false,"name":"put","comment":"Put the bytes provided into the buffer at the specified offset. The\n number of bytes stored is determined by the length of the bytes\n array.","params":[{"type_long":"int","name":"offset","comment":"byte offset from start of buffer.","type_short":"int"},{"type_long":"byte[]","name":"bytes","comment":"the byte data to be stored.","type_short":"byte[]"}],"throws":[{"type_long":"java.io.IOException","comment":"is thrown if an error occurs while accessing the\n underlying storage.","type_short":"IOException"}],"return":{"type_long":"void","comment":"the next available offset into the buffer, or -1 if the buffer is\n full.","type_short":"void"}},{"javadoc":"Put the 8-bit byte value into the buffer at the specified offset.\n@param offset byte offset from start of buffer.\n@param b the byte value to be stored.\n@return the next available offset into the buffer, or -1 if the buffer is\n full.\n@throws ArrayIndexOutOfBoundsException if an invalid offset is provided.\n@throws IOException is thrown if an error occurs while accessing the\n underlying storage.","static":false,"name":"putByte","comment":"Put the 8-bit byte value into the buffer at the specified offset.","params":[{"type_long":"int","name":"offset","comment":"byte offset from start of buffer.","type_short":"int"},{"type_long":"byte","name":"b","comment":"the byte value to be stored.","type_short":"byte"}],"throws":[{"type_long":"java.io.IOException","comment":"is thrown if an error occurs while accessing the\n underlying storage.","type_short":"IOException"}],"return":{"type_long":"void","comment":"the next available offset into the buffer, or -1 if the buffer is\n full.","type_short":"void"}},{"javadoc":"Get the byte data located at the specified offset.\n@param offset byte offset from start of buffer.\n@return the byte array.\n@throws ArrayIndexOutOfBoundsException is thrown if an invalid offset is\n specified or the end of the buffer was encountered while reading the\n data.\n@throws IOException is thrown if an error occurs while accessing the\n underlying storage.","static":false,"name":"get","comment":"Get the byte data located at the specified offset.","params":[{"type_long":"int","name":"offset","comment":"byte offset from start of buffer.","type_short":"int"},{"type_long":"byte[]","name":"data","comment":"","type_short":"byte[]"}],"throws":[{"type_long":"java.io.IOException","comment":"is thrown if an error occurs while accessing the\n underlying storage.","type_short":"IOException"}],"return":{"type_long":"void","comment":"the byte array.","type_short":"void"}},{"javadoc":"Delete and release all underlying DataBuffers.","static":false,"name":"delete","comment":"Delete and release all underlying DataBuffers.","params":[],"throws":[{"type_long":"java.io.IOException","comment":"","type_short":"IOException"}],"return":{"type_long":"void","comment":"","type_short":"void"}}],"name":"DBBuffer","comment":"DBBuffer facilitates synchronized access to a ChainedBuffer.","fields":[]}
