{"implements":[],"javadoc":"<code>DBFieldMap<\/code> provides a database-backed map of non-unique Field values to long values.","static":false,"extends":"java.lang.Object","methods":[{"javadoc":"Construct a new map.\n A temporary database is used to provide storage for the map.\n@param fieldClass specifies class of Field values to be stored in this map.\n@param cacheSizeMB size of data cache in MBytes.","static":false,"name":"<init>","comment":"Construct a new map.\n A temporary database is used to provide storage for the map.","params":[{"type_long":"java.lang.Class<? extends db.Field>","name":"fieldClass","comment":"specifies class of Field values to be stored in this map.","type_short":"Class"},{"type_long":"int","name":"cacheSizeMB","comment":"size of data cache in MBytes.","type_short":"int"}],"throws":[],"return":{"type_long":"void","comment":"","type_short":"void"}},{"javadoc":"Dispose all resources associated with this map.\n This method should be invoked when the map is no longer needed.","static":false,"name":"dispose","comment":"Dispose all resources associated with this map.\n This method should be invoked when the map is no longer needed.","params":[],"throws":[],"return":{"type_long":"void","comment":"","type_short":"void"}},{"javadoc":"Add the specified value pair to this map.\n If the entry already exists, this method has no affect.\n@param fieldValue\n@param longValue","static":false,"name":"addEntry","comment":"Add the specified value pair to this map.\n If the entry already exists, this method has no affect.","params":[{"type_long":"db.Field","name":"fieldValue","comment":"","type_short":"Field"},{"type_long":"long","name":"longValue","comment":"","type_short":"long"}],"throws":[],"return":{"type_long":"void","comment":"","type_short":"void"}},{"javadoc":"Delete the specified value pair from this map.\n@param fieldValue\n@param longValue\n@return true if entry exists and was deleted","static":false,"name":"deleteEntry","comment":"Delete the specified value pair from this map.","params":[{"type_long":"db.Field","name":"fieldValue","comment":"","type_short":"Field"},{"type_long":"long","name":"longValue","comment":"","type_short":"long"}],"throws":[],"return":{"type_long":"boolean","comment":"true if entry exists and was deleted","type_short":"boolean"}},{"javadoc":"","static":false,"name":"iterator","comment":"","params":[],"throws":[],"return":{"type_long":"ghidra.util.LongIterator","comment":"","type_short":"LongIterator"}}],"name":"DBFieldMap","comment":"DBFieldMap provides a database-backed map of non-unique Field values to long values.","fields":[]}
