{"implements":[],"javadoc":"<code>DBHandle<\/code> provides access to an open database.","static":false,"extends":"java.lang.Object","methods":[{"javadoc":"Construct a temporary database handle.\n The saveAs method must be used to save the database.","static":false,"name":"<init>","comment":"Construct a temporary database handle.\n The saveAs method must be used to save the database.","params":[],"throws":[{"type_long":"java.io.IOException","comment":"","type_short":"IOException"}],"return":{"type_long":"void","comment":"","type_short":"void"}},{"javadoc":"Construct a temporary database handle.\n The saveAs method must be used to save the database.","static":false,"name":"<init>","comment":"Construct a temporary database handle.\n The saveAs method must be used to save the database.","params":[{"type_long":"int","name":"requestBufferSize","comment":"","type_short":"int"}],"throws":[{"type_long":"java.io.IOException","comment":"","type_short":"IOException"}],"return":{"type_long":"void","comment":"","type_short":"void"}},{"javadoc":"Construct a temporary database handle.\n The saveAs method must be used to save the database.","static":false,"name":"<init>","comment":"Construct a temporary database handle.\n The saveAs method must be used to save the database.","params":[{"type_long":"int","name":"requestBufferSize","comment":"","type_short":"int"},{"type_long":"long","name":"approxCacheSize","comment":"","type_short":"long"}],"throws":[{"type_long":"java.io.IOException","comment":"","type_short":"IOException"}],"return":{"type_long":"void","comment":"","type_short":"void"}},{"javadoc":"Open the database contained within the specified\n bufferFile.  The update mode is determined by the buffer file.\n@param bufferFile database buffer file\n@throws IOException if IO error occurs","static":false,"name":"<init>","comment":"Open the database contained within the specified\n bufferFile.  The update mode is determined by the buffer file.","params":[{"type_long":"db.buffers.BufferFile","name":"bufferFile","comment":"database buffer file","type_short":"BufferFile"}],"throws":[{"type_long":"java.io.IOException","comment":"if IO error occurs","type_short":"IOException"}],"return":{"type_long":"void","comment":"","type_short":"void"}},{"javadoc":"Open the database contained within the specified\n bufferFile.  The update mode is determined by the buffer file.\n@param bufferFile database buffer file\n@param recover if true an attempt will be made to recover unsaved data if the file is open for update\n@param monitor recovery monitor\n@throws IOException if IO error occurs\n@throws CancelledException","static":false,"name":"<init>","comment":"Open the database contained within the specified\n bufferFile.  The update mode is determined by the buffer file.","params":[{"type_long":"db.buffers.BufferFile","name":"bufferFile","comment":"database buffer file","type_short":"BufferFile"},{"type_long":"boolean","name":"recover","comment":"if true an attempt will be made to recover unsaved data if the file is open for update","type_short":"boolean"},{"type_long":"ghidra.util.task.TaskMonitor","name":"monitor","comment":"recovery monitor","type_short":"TaskMonitor"}],"throws":[{"type_long":"java.io.IOException","comment":"if IO error occurs","type_short":"IOException"},{"type_long":"ghidra.util.exception.CancelledException","comment":"","type_short":"CancelledException"}],"return":{"type_long":"void","comment":"","type_short":"void"}},{"javadoc":"Open a specific buffer file containing a database\n for non-update use.  This method is provided primarily\n for testing.\n@param file buffer file\n@throws IOException","static":false,"name":"<init>","comment":"Open a specific buffer file containing a database\n for non-update use.  This method is provided primarily\n for testing.","params":[{"type_long":"java.io.File","name":"file","comment":"buffer file","type_short":"File"}],"throws":[{"type_long":"java.io.IOException","comment":"","type_short":"IOException"}],"return":{"type_long":"void","comment":"","type_short":"void"}},{"javadoc":"Check the consistency of this database.\n@return true if consistency check passed, else false\n@throws CancelledException","static":false,"name":"isConsistent","comment":"Check the consistency of this database.","params":[{"type_long":"ghidra.util.task.TaskMonitor","name":"monitor","comment":"","type_short":"TaskMonitor"}],"throws":[{"type_long":"ghidra.util.exception.CancelledException","comment":"","type_short":"CancelledException"}],"return":{"type_long":"boolean","comment":"true if consistency check passed, else false","type_short":"boolean"}},{"javadoc":"Rebuild database tables to resolve certain consistency problems.  Use of this\n method does not recover lost data which may have occurred during original \n database corruption.\n@return true if rebuild succeeded, else false\n@throws CancelledException","static":false,"name":"rebuild","comment":"Rebuild database tables to resolve certain consistency problems.  Use of this\n method does not recover lost data which may have occurred during original \n database corruption.","params":[{"type_long":"ghidra.util.task.TaskMonitor","name":"monitor","comment":"","type_short":"TaskMonitor"}],"throws":[{"type_long":"ghidra.util.exception.CancelledException","comment":"","type_short":"CancelledException"}],"return":{"type_long":"boolean","comment":"true if rebuild succeeded, else false","type_short":"boolean"}},{"javadoc":"Reset the database ID contained within the specified database file.\n This method is intended to be used when unpacking a packed database\n to ensure that a duplicate database ID does not exist within the project.\n WARNING! Use with extreme caution since this modifies\n the original file and could destroy data if used\n improperly.\n@param file\n@throws IOException","static":true,"name":"resetDatabaseId","comment":"Reset the database ID contained within the specified database file.\n This method is intended to be used when unpacking a packed database\n to ensure that a duplicate database ID does not exist within the project.\n WARNING! Use with extreme caution since this modifies\n the original file and could destroy data if used\n improperly.","params":[{"type_long":"java.io.File","name":"file","comment":"","type_short":"File"}],"throws":[{"type_long":"java.io.IOException","comment":"","type_short":"IOException"}],"return":{"type_long":"void","comment":"","type_short":"void"}},{"javadoc":"Returns unique database ID or 0 if this is an older read-only database.","static":false,"name":"getDatabaseId","comment":"Returns unique database ID or 0 if this is an older read-only database.","params":[],"throws":[],"return":{"type_long":"long","comment":"","type_short":"long"}},{"javadoc":"Returns the recovery changeSet data file for reading or null if one is not available.\n The caller must dispose of the returned file before peforming generating any new\n recovery snapshots.\n@throws IOException","static":false,"name":"getRecoveryChangeSetFile","comment":"Returns the recovery changeSet data file for reading or null if one is not available.\n The caller must dispose of the returned file before peforming generating any new\n recovery snapshots.","params":[],"throws":[{"type_long":"java.io.IOException","comment":"","type_short":"IOException"}],"return":{"type_long":"db.buffers.LocalBufferFile","comment":"","type_short":"LocalBufferFile"}},{"javadoc":"Request a recovery snapshot be taken of any unsaved changes;\n@param changeSet an optional database-backed change set which reflects changes \n made since the last version.\n@param monitor task monitor\n@return true if snapshot successful or not needed, false if an active transaction prevented snapshot\n@throws CancelledException if cancelled by monitor\n@throws IOException","static":false,"name":"takeRecoverySnapshot","comment":"Request a recovery snapshot be taken of any unsaved changes;","params":[{"type_long":"db.DBChangeSet","name":"changeSet","comment":"an optional database-backed change set which reflects changes \n made since the last version.","type_short":"DBChangeSet"},{"type_long":"ghidra.util.task.TaskMonitor","name":"monitor","comment":"task monitor","type_short":"TaskMonitor"}],"throws":[{"type_long":"ghidra.util.exception.CancelledException","comment":"if cancelled by monitor","type_short":"CancelledException"},{"type_long":"java.io.IOException","comment":"","type_short":"IOException"}],"return":{"type_long":"boolean","comment":"true if snapshot successful or not needed, false if an active transaction prevented snapshot","type_short":"boolean"}},{"javadoc":"Returns a shared temporary database handle.\n This temporary handle will remain open unitl either this \n handle is closed or closeScratchPad is invoked.\n@throws IOException","static":false,"name":"getScratchPad","comment":"Returns a shared temporary database handle.\n This temporary handle will remain open unitl either this \n handle is closed or closeScratchPad is invoked.","params":[],"throws":[{"type_long":"java.io.IOException","comment":"","type_short":"IOException"}],"return":{"type_long":"db.DBHandle","comment":"","type_short":"DBHandle"}},{"javadoc":"Close the scratch-pad database handle if it open.","static":false,"name":"closeScratchPad","comment":"Close the scratch-pad database handle if it open.","params":[],"throws":[],"return":{"type_long":"void","comment":"","type_short":"void"}},{"javadoc":"Add Database listener\n@param listener","static":false,"name":"addListener","comment":"Add Database listener","params":[{"type_long":"db.DBListener","name":"listener","comment":"","type_short":"DBListener"}],"throws":[],"return":{"type_long":"void","comment":"","type_short":"void"}},{"javadoc":"Enable and start source file pre-cache if appropriate.\n WARNING! EXPERIMENTAL !!!","static":false,"name":"enablePreCache","comment":"Enable and start source file pre-cache if appropriate.\n WARNING! EXPERIMENTAL !!!","params":[],"throws":[],"return":{"type_long":"void","comment":"","type_short":"void"}},{"javadoc":"Verify that a valid transaction has been started.\n@throws NoTransactionException if transaction has not been started\n@throws TerminatedTransactionException transaction was prematurely terminated","static":false,"name":"checkTransaction","comment":"Verify that a valid transaction has been started.","params":[],"throws":[],"return":{"type_long":"void","comment":"","type_short":"void"}},{"javadoc":"Start a new transaction\n@return transaction ID","static":false,"name":"startTransaction","comment":"Start a new transaction","params":[],"throws":[],"return":{"type_long":"long","comment":"transaction ID","type_short":"long"}},{"javadoc":"Terminate transaction.  If commit is false, Table instances may be added \n or removed\/invalidated.\n@param id transaction ID\n@param commit if true a new checkpoint will be established, if\n false all changes since the previous checkpoint will be discarded.\n@return true if new checkpoint established.\n@throws IOException","static":false,"name":"endTransaction","comment":"Terminate transaction.  If commit is false, Table instances may be added \n or removed\/invalidated.","params":[{"type_long":"long","name":"id","comment":"transaction ID","type_short":"long"},{"type_long":"boolean","name":"commit","comment":"if true a new checkpoint will be established, if\n false all changes since the previous checkpoint will be discarded.","type_short":"boolean"}],"throws":[{"type_long":"java.io.IOException","comment":"","type_short":"IOException"}],"return":{"type_long":"boolean","comment":"true if new checkpoint established.","type_short":"boolean"}},{"javadoc":"Returns true if there are uncommitted changes to the database.\n@return true if there are uncommitted changes to the database.","static":false,"name":"hasUncommittedChanges","comment":"Returns true if there are uncommitted changes to the database.","params":[],"throws":[],"return":{"type_long":"boolean","comment":"true if there are uncommitted changes to the database.","type_short":"boolean"}},{"javadoc":"","static":false,"name":"terminateTransaction","comment":"","params":[{"type_long":"long","name":"id","comment":"","type_short":"long"},{"type_long":"boolean","name":"commit","comment":"","type_short":"boolean"}],"throws":[{"type_long":"java.io.IOException","comment":"","type_short":"IOException"}],"return":{"type_long":"void","comment":"","type_short":"void"}},{"javadoc":"Determine if there are any changes which can be undone.\n@return true if an undo can be performed.","static":false,"name":"canUndo","comment":"Determine if there are any changes which can be undone.","params":[],"throws":[],"return":{"type_long":"boolean","comment":"true if an undo can be performed.","type_short":"boolean"}},{"javadoc":"Undo changes made during the previous transaction checkpoint.\n All upper-levels must clear table-based cached data prior to \n invoking this method.\n@return true if an undo was successful\n@throws IOException","static":false,"name":"undo","comment":"Undo changes made during the previous transaction checkpoint.\n All upper-levels must clear table-based cached data prior to \n invoking this method.","params":[],"throws":[{"type_long":"java.io.IOException","comment":"","type_short":"IOException"}],"return":{"type_long":"boolean","comment":"true if an undo was successful","type_short":"boolean"}},{"javadoc":"Returns number of undo-able transactions","static":false,"name":"getAvailableUndoCount","comment":"Returns number of undo-able transactions","params":[],"throws":[],"return":{"type_long":"int","comment":"","type_short":"int"}},{"javadoc":"Returns the number of redo-able transactions","static":false,"name":"getAvailableRedoCount","comment":"Returns the number of redo-able transactions","params":[],"throws":[],"return":{"type_long":"int","comment":"","type_short":"int"}},{"javadoc":"Determine if there are any changes which can be redone\n@return true if a redo can be performed.","static":false,"name":"canRedo","comment":"Determine if there are any changes which can be redone","params":[],"throws":[],"return":{"type_long":"boolean","comment":"true if a redo can be performed.","type_short":"boolean"}},{"javadoc":"Redo previously undone transaction checkpoint.\n Moves forward by one checkpoint only.\n All upper-levels must clear table-based cached data prior to \n invoking this method.\n@return boolean\n@throws IOException","static":false,"name":"redo","comment":"Redo previously undone transaction checkpoint.\n Moves forward by one checkpoint only.\n All upper-levels must clear table-based cached data prior to \n invoking this method.","params":[],"throws":[{"type_long":"java.io.IOException","comment":"","type_short":"IOException"}],"return":{"type_long":"boolean","comment":"boolean","type_short":"boolean"}},{"javadoc":"Set the maximum number of undo transaction checkpoints maintained by the\n underlying buffer manager.\n@param maxUndos maximum number of undo checkpoints.  An illegal \n value restores the default value.","static":false,"name":"setMaxUndos","comment":"Set the maximum number of undo transaction checkpoints maintained by the\n underlying buffer manager.","params":[{"type_long":"int","name":"maxUndos","comment":"maximum number of undo checkpoints.  An illegal \n value restores the default value.","type_short":"int"}],"throws":[],"return":{"type_long":"void","comment":"","type_short":"void"}},{"javadoc":"Return the number of tables defined within the master table.\n@return int number of tables.","static":false,"name":"getTableCount","comment":"Return the number of tables defined within the master table.","params":[],"throws":[],"return":{"type_long":"int","comment":"int number of tables.","type_short":"int"}},{"javadoc":"Close the database and dispose of the underlying buffer manager.\n Any existing recovery data will be discarded.","static":false,"name":"close","comment":"Close the database and dispose of the underlying buffer manager.\n Any existing recovery data will be discarded.","params":[],"throws":[],"return":{"type_long":"void","comment":"","type_short":"void"}},{"javadoc":"Close the database and dispose of the underlying buffer manager.\n@param keepRecoveryData","static":false,"name":"close","comment":"Close the database and dispose of the underlying buffer manager.","params":[{"type_long":"boolean","name":"keepRecoveryData","comment":"","type_short":"boolean"}],"throws":[],"return":{"type_long":"void","comment":"","type_short":"void"}},{"javadoc":"Returns true if unsaved changes have been made.","static":false,"name":"isChanged","comment":"Returns true if unsaved changes have been made.","params":[],"throws":[],"return":{"type_long":"boolean","comment":"","type_short":"boolean"}},{"javadoc":"Returns true if this database handle has been closed.","static":false,"name":"isClosed","comment":"Returns true if this database handle has been closed.","params":[],"throws":[],"return":{"type_long":"boolean","comment":"","type_short":"boolean"}},{"javadoc":"Save this database to a new version.\n@param comment if version history is maintained, this comment will be \n associated with the new version.\n@param changeSet an optional database-backed change set which reflects changes \n made since the last version.\n@param monitor progress monitor\n@throws CancelledException if task monitor cancelled operation.\n@throws IOException thrown if an IO error occurs.","static":false,"name":"save","comment":"Save this database to a new version.","params":[{"type_long":"java.lang.String","name":"comment","comment":"if version history is maintained, this comment will be \n associated with the new version.","type_short":"String"},{"type_long":"db.DBChangeSet","name":"changeSet","comment":"an optional database-backed change set which reflects changes \n made since the last version.","type_short":"DBChangeSet"},{"type_long":"ghidra.util.task.TaskMonitor","name":"monitor","comment":"progress monitor","type_short":"TaskMonitor"}],"throws":[{"type_long":"java.io.IOException","comment":"thrown if an IO error occurs.","type_short":"IOException"},{"type_long":"ghidra.util.exception.CancelledException","comment":"if task monitor cancelled operation.","type_short":"CancelledException"}],"return":{"type_long":"void","comment":"","type_short":"void"}},{"javadoc":"Save the database to the specified buffer file.\n@param outFile buffer file open for writing\n@param associateWithNewFile if true the outFile will be associated with this DBHandle as the \n current source file, if false no change will be made to this DBHandle's state and the outFile\n will be written and set as read-only.  The caller is responsbile for disposing the outFile if \n this parameter is false.\n@param monitor progress monitor\n@param associateWithNewFile if true this handle will be associated with the new file\n@throws IOException if IO error occurs\n@throws CancelledException if monitor cancels operation","static":false,"name":"saveAs","comment":"Save the database to the specified buffer file.","params":[{"type_long":"db.buffers.BufferFile","name":"outFile","comment":"buffer file open for writing","type_short":"BufferFile"},{"type_long":"boolean","name":"associateWithNewFile","comment":"if true the outFile will be associated with this DBHandle as the \n current source file, if false no change will be made to this DBHandle's state and the outFile\n will be written and set as read-only.  The caller is responsbile for disposing the outFile if \n this parameter is false.","type_short":"boolean"},{"type_long":"ghidra.util.task.TaskMonitor","name":"monitor","comment":"progress monitor","type_short":"TaskMonitor"}],"throws":[{"type_long":"java.io.IOException","comment":"if IO error occurs","type_short":"IOException"},{"type_long":"ghidra.util.exception.CancelledException","comment":"if monitor cancels operation","type_short":"CancelledException"}],"return":{"type_long":"void","comment":"","type_short":"void"}},{"javadoc":"Save the database to the specified buffer file.\n@param file buffer file to be created\n@param associateWithNewFile if true the outFile will be associated with this DBHandle as the \n current source file, if false no change will be made to this DBHandle's state and the outFile\n will be written and set as read-only.  The caller is responsbile for disposing the outFile if \n this parameter is false.\n@param monitor progress monitor\n@throws DuplicateFileException if file already exists.\n@throws IOException if IO error occurs\n@throws CancelledException if monitor cancels operation","static":false,"name":"saveAs","comment":"Save the database to the specified buffer file.","params":[{"type_long":"java.io.File","name":"file","comment":"buffer file to be created","type_short":"File"},{"type_long":"boolean","name":"associateWithNewFile","comment":"if true the outFile will be associated with this DBHandle as the \n current source file, if false no change will be made to this DBHandle's state and the outFile\n will be written and set as read-only.  The caller is responsbile for disposing the outFile if \n this parameter is false.","type_short":"boolean"},{"type_long":"ghidra.util.task.TaskMonitor","name":"monitor","comment":"progress monitor","type_short":"TaskMonitor"}],"throws":[{"type_long":"java.io.IOException","comment":"if IO error occurs","type_short":"IOException"},{"type_long":"ghidra.util.exception.CancelledException","comment":"if monitor cancels operation","type_short":"CancelledException"}],"return":{"type_long":"void","comment":"","type_short":"void"}},{"javadoc":"Create a new buffer with the specified length.\n This method may only be invoked while a database transaction \n is in progress. A database transaction must also be in progress\n when invoking the various put, delete and setSize methods on the returned buffer.\n@param length\n@return Buffer\n@throws IOException if an I\/O error occurs while creating the buffer.","static":false,"name":"createBuffer","comment":"Create a new buffer with the specified length.\n This method may only be invoked while a database transaction \n is in progress. A database transaction must also be in progress\n when invoking the various put, delete and setSize methods on the returned buffer.","params":[{"type_long":"int","name":"length","comment":"","type_short":"int"}],"throws":[{"type_long":"java.io.IOException","comment":"if an I\/O error occurs while creating the buffer.","type_short":"IOException"}],"return":{"type_long":"db.DBBuffer","comment":"Buffer","type_short":"DBBuffer"}},{"javadoc":"Get an existing buffer.  This method should be used with care to avoid \n providing an improper id.  A database transaction must be in progress\n when invoking the various put, delete and setSize methods on the returned buffer.\n@param id the buffer id.\n@return Buffer\n@throws IOException if an I\/O error occurs while getting the buffer.","static":false,"name":"getBuffer","comment":"Get an existing buffer.  This method should be used with care to avoid \n providing an improper id.  A database transaction must be in progress\n when invoking the various put, delete and setSize methods on the returned buffer.","params":[{"type_long":"int","name":"id","comment":"the buffer id.","type_short":"int"}],"throws":[{"type_long":"java.io.IOException","comment":"if an I\/O error occurs while getting the buffer.","type_short":"IOException"}],"return":{"type_long":"db.DBBuffer","comment":"Buffer","type_short":"DBBuffer"}},{"javadoc":"Determine if this database can be updated.\n@return true if this database handle is intended for update","static":false,"name":"canUpdate","comment":"Determine if this database can be updated.","params":[],"throws":[],"return":{"type_long":"boolean","comment":"true if this database handle is intended for update","type_short":"boolean"}},{"javadoc":"Returns the Table that was created with the given name or null if\n no such table exists.","static":false,"name":"getTable","comment":"Returns the Table that was created with the given name or null if\n no such table exists.","params":[{"type_long":"java.lang.String","name":"name","comment":"","type_short":"String"}],"throws":[],"return":{"type_long":"db.Table","comment":"","type_short":"Table"}},{"javadoc":"Get all tables defined within the database.\n@return Table[] tables","static":false,"name":"getTables","comment":"Get all tables defined within the database.","params":[],"throws":[],"return":{"type_long":"db.Table[]","comment":"Table[] tables","type_short":"db.Table[]"}},{"javadoc":"Creates a new table with the given name, version and type.","static":false,"name":"createTable","comment":"Creates a new table with the given name, version and type.","params":[{"type_long":"java.lang.String","name":"name","comment":"","type_short":"String"},{"type_long":"db.Schema","name":"schema","comment":"","type_short":"Schema"}],"throws":[{"type_long":"java.io.IOException","comment":"","type_short":"IOException"}],"return":{"type_long":"db.Table","comment":"","type_short":"Table"}},{"javadoc":"Creates a new table with the given name, version and type.\n Create secondary indexes as specified by the array of column indexes.","static":false,"name":"createTable","comment":"Creates a new table with the given name, version and type.\n Create secondary indexes as specified by the array of column indexes.","params":[{"type_long":"java.lang.String","name":"name","comment":"","type_short":"String"},{"type_long":"db.Schema","name":"schema","comment":"","type_short":"Schema"},{"type_long":"int[]","name":"indexedColumns","comment":"","type_short":"int[]"}],"throws":[{"type_long":"java.io.IOException","comment":"","type_short":"IOException"}],"return":{"type_long":"db.Table","comment":"","type_short":"Table"}},{"javadoc":"@param table\n@param id\n@throws DuplicateNameException","static":false,"name":"setTableName","comment":"","params":[{"type_long":"java.lang.String","name":"oldName","comment":"","type_short":"String"},{"type_long":"java.lang.String","name":"newName","comment":"","type_short":"String"}],"throws":[{"type_long":"ghidra.util.exception.DuplicateNameException","comment":"","type_short":"DuplicateNameException"}],"return":{"type_long":"boolean","comment":"","type_short":"boolean"}},{"javadoc":"Delete the specified table from the database.\n@param name table name\n@throws IOException if there is an I\/O error or the table does not exist","static":false,"name":"deleteTable","comment":"Delete the specified table from the database.","params":[{"type_long":"java.lang.String","name":"name","comment":"table name","type_short":"String"}],"throws":[{"type_long":"java.io.IOException","comment":"if there is an I\/O error or the table does not exist","type_short":"IOException"}],"return":{"type_long":"void","comment":"","type_short":"void"}},{"javadoc":"@return number of buffer cache hits","static":false,"name":"getCacheHits","comment":"","params":[],"throws":[],"return":{"type_long":"long","comment":"number of buffer cache hits","type_short":"long"}},{"javadoc":"@return number of buffer cache misses","static":false,"name":"getCacheMisses","comment":"","params":[],"throws":[],"return":{"type_long":"long","comment":"number of buffer cache misses","type_short":"long"}},{"javadoc":"@return low water mark (minimum buffer pool size)","static":false,"name":"getLowBufferCount","comment":"","params":[],"throws":[],"return":{"type_long":"int","comment":"low water mark (minimum buffer pool size)","type_short":"int"}},{"javadoc":"Returns size of buffers utilized within the underlying\n buffer file.  This may be larger than than the requested \n buffer size.  This value may be used to instatiate a \n new BufferFile which is compatible with this database\n when using the saveAs method.","static":false,"name":"getBufferSize","comment":"Returns size of buffers utilized within the underlying\n buffer file.  This may be larger than than the requested \n buffer size.  This value may be used to instatiate a \n new BufferFile which is compatible with this database\n when using the saveAs method.","params":[],"throws":[],"return":{"type_long":"int","comment":"","type_short":"int"}}],"name":"DBHandle","comment":"DBHandle provides access to an open database.","fields":[]}
