{"implements":[],"javadoc":"","static":false,"extends":"generic.test.AbstractGenericTest","methods":[{"javadoc":"","static":false,"name":"<init>","comment":"","params":[],"throws":[],"return":{"type_long":"void","comment":"","type_short":"void"}},{"javadoc":"","static":false,"name":"setUp","comment":"","params":[],"throws":[{"type_long":"java.lang.Exception","comment":"","type_short":"Exception"}],"return":{"type_long":"void","comment":"","type_short":"void"}},{"javadoc":"","static":false,"name":"tearDown","comment":"","params":[],"throws":[{"type_long":"java.lang.Exception","comment":"","type_short":"Exception"}],"return":{"type_long":"void","comment":"","type_short":"void"}},{"javadoc":"","static":false,"name":"testEmptyLongKeyIterator","comment":"","params":[],"throws":[{"type_long":"java.io.IOException","comment":"","type_short":"IOException"}],"return":{"type_long":"void","comment":"","type_short":"void"}},{"javadoc":"","static":false,"name":"testFindRecordsSmallVLR","comment":"","params":[],"throws":[{"type_long":"java.io.IOException","comment":"","type_short":"IOException"}],"return":{"type_long":"void","comment":"","type_short":"void"}},{"javadoc":"","static":false,"name":"testFindRecordsBigVLR","comment":"","params":[],"throws":[{"type_long":"java.io.IOException","comment":"","type_short":"IOException"}],"return":{"type_long":"void","comment":"","type_short":"void"}},{"javadoc":"","static":false,"name":"testFindStoredRecordsSmallVLR","comment":"","params":[],"throws":[{"type_long":"java.io.IOException","comment":"","type_short":"IOException"}],"return":{"type_long":"void","comment":"","type_short":"void"}},{"javadoc":"","static":false,"name":"testFindStoredRecordsEmptyVLR","comment":"","params":[],"throws":[{"type_long":"java.io.IOException","comment":"","type_short":"IOException"}],"return":{"type_long":"void","comment":"","type_short":"void"}},{"javadoc":"","static":false,"name":"testFindStoredRecordsNullVLR","comment":"","params":[],"throws":[{"type_long":"java.io.IOException","comment":"","type_short":"IOException"}],"return":{"type_long":"void","comment":"","type_short":"void"}},{"javadoc":"","static":false,"name":"testFindStoredRecordsBigVLR","comment":"","params":[],"throws":[{"type_long":"java.io.IOException","comment":"","type_short":"IOException"}],"return":{"type_long":"void","comment":"","type_short":"void"}},{"javadoc":"","static":false,"name":"testRandomRecordIterator","comment":"","params":[],"throws":[{"type_long":"java.io.IOException","comment":"","type_short":"IOException"}],"return":{"type_long":"void","comment":"","type_short":"void"}},{"javadoc":"","static":false,"name":"testForwardRecordIterator","comment":"","params":[],"throws":[{"type_long":"java.io.IOException","comment":"","type_short":"IOException"}],"return":{"type_long":"void","comment":"","type_short":"void"}},{"javadoc":"","static":false,"name":"testBackwardRecordIterator","comment":"","params":[],"throws":[{"type_long":"java.io.IOException","comment":"","type_short":"IOException"}],"return":{"type_long":"void","comment":"","type_short":"void"}},{"javadoc":"","static":false,"name":"testStoredRandomRecordIterator","comment":"","params":[],"throws":[{"type_long":"java.io.IOException","comment":"","type_short":"IOException"}],"return":{"type_long":"void","comment":"","type_short":"void"}},{"javadoc":"","static":false,"name":"testStoredForwardRecordIterator","comment":"","params":[],"throws":[{"type_long":"java.io.IOException","comment":"","type_short":"IOException"}],"return":{"type_long":"void","comment":"","type_short":"void"}},{"javadoc":"","static":false,"name":"testStoredBackwardRecordIterator","comment":"","params":[],"throws":[{"type_long":"java.io.IOException","comment":"","type_short":"IOException"}],"return":{"type_long":"void","comment":"","type_short":"void"}},{"javadoc":"","static":false,"name":"testRandomUpdateRecordIterator","comment":"","params":[],"throws":[{"type_long":"java.io.IOException","comment":"","type_short":"IOException"}],"return":{"type_long":"void","comment":"","type_short":"void"}},{"javadoc":"","static":false,"name":"testForwardUpdateRecordIterator","comment":"","params":[],"throws":[{"type_long":"java.io.IOException","comment":"","type_short":"IOException"}],"return":{"type_long":"void","comment":"","type_short":"void"}},{"javadoc":"","static":false,"name":"testBackwardUpdateRecordIterator","comment":"","params":[],"throws":[{"type_long":"java.io.IOException","comment":"","type_short":"IOException"}],"return":{"type_long":"void","comment":"","type_short":"void"}},{"javadoc":"","static":false,"name":"testStoredUpdateRandomRecordIterator","comment":"","params":[],"throws":[{"type_long":"java.io.IOException","comment":"","type_short":"IOException"}],"return":{"type_long":"void","comment":"","type_short":"void"}},{"javadoc":"","static":false,"name":"testStoredUpdateForwardRecordIterator","comment":"","params":[],"throws":[{"type_long":"java.io.IOException","comment":"","type_short":"IOException"}],"return":{"type_long":"void","comment":"","type_short":"void"}},{"javadoc":"","static":false,"name":"testStoredUpdateBackwardRecordIterator","comment":"","params":[],"throws":[{"type_long":"java.io.IOException","comment":"","type_short":"IOException"}],"return":{"type_long":"void","comment":"","type_short":"void"}},{"javadoc":"","static":false,"name":"testRandomRecordIteratorUndoRedo","comment":"","params":[],"throws":[{"type_long":"java.io.IOException","comment":"","type_short":"IOException"}],"return":{"type_long":"void","comment":"","type_short":"void"}},{"javadoc":"","static":false,"name":"testRecordIteratorExtents","comment":"","params":[],"throws":[{"type_long":"java.io.IOException","comment":"","type_short":"IOException"}],"return":{"type_long":"void","comment":"","type_short":"void"}},{"javadoc":"","static":false,"name":"testRecordIteratorDelete","comment":"","params":[],"throws":[{"type_long":"java.io.IOException","comment":"","type_short":"IOException"}],"return":{"type_long":"void","comment":"","type_short":"void"}},{"javadoc":"","static":false,"name":"testIndexFieldIteratorDelete","comment":"","params":[],"throws":[{"type_long":"java.io.IOException","comment":"","type_short":"IOException"}],"return":{"type_long":"void","comment":"","type_short":"void"}}],"name":"DBIndexedTableTest","comment":"","fields":[]}
