{"implements":["db.RecordIterator"],"javadoc":"","static":false,"extends":"java.lang.Object","methods":[{"javadoc":"Construct a record iterator from a secondary index key iterator.\n@param keyIter key iterator.","static":false,"name":"<init>","comment":"Construct a record iterator from a secondary index key iterator.","params":[{"type_long":"db.Table","name":"table","comment":"","type_short":"Table"},{"type_long":"db.DBLongIterator","name":"keyIter","comment":"key iterator.","type_short":"DBLongIterator"}],"throws":[],"return":{"type_long":"void","comment":"","type_short":"void"}},{"javadoc":"@see db.RecordIterator#hasNext()","static":false,"name":"hasNext","comment":"","params":[],"throws":[{"type_long":"java.io.IOException","comment":"","type_short":"IOException"}],"return":{"type_long":"boolean","comment":"","type_short":"boolean"}},{"javadoc":"@see db.RecordIterator#hasPrevious()","static":false,"name":"hasPrevious","comment":"","params":[],"throws":[{"type_long":"java.io.IOException","comment":"","type_short":"IOException"}],"return":{"type_long":"boolean","comment":"","type_short":"boolean"}},{"javadoc":"@see db.RecordIterator#next()","static":false,"name":"next","comment":"","params":[],"throws":[{"type_long":"java.io.IOException","comment":"","type_short":"IOException"}],"return":{"type_long":"db.Record","comment":"","type_short":"Record"}},{"javadoc":"@see db.RecordIterator#previous()","static":false,"name":"previous","comment":"","params":[],"throws":[{"type_long":"java.io.IOException","comment":"","type_short":"IOException"}],"return":{"type_long":"db.Record","comment":"","type_short":"Record"}},{"javadoc":"@see db.RecordIterator#delete()","static":false,"name":"delete","comment":"","params":[],"throws":[{"type_long":"java.io.IOException","comment":"","type_short":"IOException"}],"return":{"type_long":"boolean","comment":"","type_short":"boolean"}}],"name":"KeyToRecordIterator","comment":"","fields":[]}
