{"implements":["ghidra.util.ObjectStorage"],"javadoc":"<code>ObjectStorageAdapterDB<\/code> provides an ObjectStorage \n implementation for use by Saveable objects.  This allows Saveable objects \n to save or restore their state using a fixed set of primitives and primitive arrays. \n This implementation provides various data access methods for storing\/retrieving data.\n In addition, support is provided for utilizing a Record object for data storage\n using a suitable schema.","static":false,"extends":"java.lang.Object","methods":[{"javadoc":"Construct an empty writable storage adapter.","static":false,"name":"<init>","comment":"Construct an empty writable storage adapter.","params":[],"throws":[],"return":{"type_long":"void","comment":"","type_short":"void"}},{"javadoc":"Construct a read-only storage adapter from an\n existing record.\n@param rec data record","static":false,"name":"<init>","comment":"Construct a read-only storage adapter from an\n existing record.","params":[{"type_long":"db.Record","name":"rec","comment":"data record","type_short":"Record"}],"throws":[],"return":{"type_long":"void","comment":"","type_short":"void"}},{"javadoc":"","static":false,"name":"putInt","comment":"","params":[{"type_long":"int","name":"value","comment":"","type_short":"int"}],"throws":[],"return":{"type_long":"void","comment":"","type_short":"void"}},{"javadoc":"","static":false,"name":"putByte","comment":"","params":[{"type_long":"byte","name":"value","comment":"","type_short":"byte"}],"throws":[],"return":{"type_long":"void","comment":"","type_short":"void"}},{"javadoc":"","static":false,"name":"putShort","comment":"","params":[{"type_long":"short","name":"value","comment":"","type_short":"short"}],"throws":[],"return":{"type_long":"void","comment":"","type_short":"void"}},{"javadoc":"","static":false,"name":"putLong","comment":"","params":[{"type_long":"long","name":"value","comment":"","type_short":"long"}],"throws":[],"return":{"type_long":"void","comment":"","type_short":"void"}},{"javadoc":"","static":false,"name":"putString","comment":"","params":[{"type_long":"java.lang.String","name":"value","comment":"","type_short":"String"}],"throws":[],"return":{"type_long":"void","comment":"","type_short":"void"}},{"javadoc":"","static":false,"name":"putBoolean","comment":"","params":[{"type_long":"boolean","name":"value","comment":"","type_short":"boolean"}],"throws":[],"return":{"type_long":"void","comment":"","type_short":"void"}},{"javadoc":"","static":false,"name":"putFloat","comment":"","params":[{"type_long":"float","name":"value","comment":"","type_short":"float"}],"throws":[],"return":{"type_long":"void","comment":"","type_short":"void"}},{"javadoc":"","static":false,"name":"putDouble","comment":"","params":[{"type_long":"double","name":"value","comment":"","type_short":"double"}],"throws":[],"return":{"type_long":"void","comment":"","type_short":"void"}},{"javadoc":"","static":false,"name":"getInt","comment":"","params":[],"throws":[],"return":{"type_long":"int","comment":"","type_short":"int"}},{"javadoc":"","static":false,"name":"getByte","comment":"","params":[],"throws":[],"return":{"type_long":"byte","comment":"","type_short":"byte"}},{"javadoc":"","static":false,"name":"getShort","comment":"","params":[],"throws":[],"return":{"type_long":"short","comment":"","type_short":"short"}},{"javadoc":"","static":false,"name":"getLong","comment":"","params":[],"throws":[],"return":{"type_long":"long","comment":"","type_short":"long"}},{"javadoc":"","static":false,"name":"getBoolean","comment":"","params":[],"throws":[],"return":{"type_long":"boolean","comment":"","type_short":"boolean"}},{"javadoc":"","static":false,"name":"getString","comment":"","params":[],"throws":[],"return":{"type_long":"java.lang.String","comment":"","type_short":"String"}},{"javadoc":"","static":false,"name":"getFloat","comment":"","params":[],"throws":[],"return":{"type_long":"float","comment":"","type_short":"float"}},{"javadoc":"","static":false,"name":"getDouble","comment":"","params":[],"throws":[],"return":{"type_long":"double","comment":"","type_short":"double"}},{"javadoc":"","static":false,"name":"putInts","comment":"","params":[{"type_long":"int[]","name":"value","comment":"","type_short":"int[]"}],"throws":[],"return":{"type_long":"void","comment":"","type_short":"void"}},{"javadoc":"","static":false,"name":"putBytes","comment":"","params":[{"type_long":"byte[]","name":"value","comment":"","type_short":"byte[]"}],"throws":[],"return":{"type_long":"void","comment":"","type_short":"void"}},{"javadoc":"","static":false,"name":"putShorts","comment":"","params":[{"type_long":"short[]","name":"value","comment":"","type_short":"short[]"}],"throws":[],"return":{"type_long":"void","comment":"","type_short":"void"}},{"javadoc":"","static":false,"name":"putLongs","comment":"","params":[{"type_long":"long[]","name":"value","comment":"","type_short":"long[]"}],"throws":[],"return":{"type_long":"void","comment":"","type_short":"void"}},{"javadoc":"","static":false,"name":"putFloats","comment":"","params":[{"type_long":"float[]","name":"value","comment":"","type_short":"float[]"}],"throws":[],"return":{"type_long":"void","comment":"","type_short":"void"}},{"javadoc":"","static":false,"name":"putDoubles","comment":"","params":[{"type_long":"double[]","name":"value","comment":"","type_short":"double[]"}],"throws":[],"return":{"type_long":"void","comment":"","type_short":"void"}},{"javadoc":"","static":false,"name":"putStrings","comment":"","params":[{"type_long":"java.lang.String[]","name":"value","comment":"","type_short":"java.lang.String[]"}],"throws":[],"return":{"type_long":"void","comment":"","type_short":"void"}},{"javadoc":"","static":false,"name":"getInts","comment":"","params":[],"throws":[],"return":{"type_long":"int[]","comment":"","type_short":"int[]"}},{"javadoc":"","static":false,"name":"getBytes","comment":"","params":[],"throws":[],"return":{"type_long":"byte[]","comment":"","type_short":"byte[]"}},{"javadoc":"","static":false,"name":"getShorts","comment":"","params":[],"throws":[],"return":{"type_long":"short[]","comment":"","type_short":"short[]"}},{"javadoc":"","static":false,"name":"getLongs","comment":"","params":[],"throws":[],"return":{"type_long":"long[]","comment":"","type_short":"long[]"}},{"javadoc":"","static":false,"name":"getFloats","comment":"","params":[],"throws":[],"return":{"type_long":"float[]","comment":"","type_short":"float[]"}},{"javadoc":"","static":false,"name":"getDoubles","comment":"","params":[],"throws":[],"return":{"type_long":"double[]","comment":"","type_short":"double[]"}},{"javadoc":"","static":false,"name":"getStrings","comment":"","params":[],"throws":[],"return":{"type_long":"java.lang.String[]","comment":"","type_short":"java.lang.String[]"}},{"javadoc":"Get the Schema associated with the stored data.\n@param version version to be assigned to schema instance\n@return Schema","static":false,"name":"getSchema","comment":"Get the Schema associated with the stored data.","params":[{"type_long":"int","name":"version","comment":"version to be assigned to schema instance","type_short":"int"}],"throws":[],"return":{"type_long":"db.Schema","comment":"Schema","type_short":"Schema"}},{"javadoc":"Save data into a Record.\n@param rec database record.","static":false,"name":"save","comment":"Save data into a Record.","params":[{"type_long":"db.Record","name":"rec","comment":"database record.","type_short":"Record"}],"throws":[],"return":{"type_long":"void","comment":"","type_short":"void"}}],"name":"ObjectStorageAdapterDB","comment":"ObjectStorageAdapterDB provides an ObjectStorage \n implementation for use by Saveable objects.  This allows Saveable objects \n to save or restore their state using a fixed set of primitives and primitive arrays. \n This implementation provides various data access methods for storing\/retrieving data.\n In addition, support is provided for utilizing a Record object for data storage\n using a suitable schema.","fields":[]}
