{"implements":[],"javadoc":"<code>ShortField<\/code> provides a wrapper for 2-byte signed short data \n which is read or written to a Record.","static":false,"extends":"db.Field","methods":[{"javadoc":"Construct a short field with an initial value of 0.","static":false,"name":"<init>","comment":"Construct a short field with an initial value of 0.","params":[],"throws":[],"return":{"type_long":"void","comment":"","type_short":"void"}},{"javadoc":"Construct a short field with an initial value of s.\n@param s initial value","static":false,"name":"<init>","comment":"Construct a short field with an initial value of s.","params":[{"type_long":"short","name":"s","comment":"initial value","type_short":"short"}],"throws":[],"return":{"type_long":"void","comment":"","type_short":"void"}},{"javadoc":"","static":false,"name":"getShortValue","comment":"","params":[],"throws":[],"return":{"type_long":"short","comment":"","type_short":"short"}},{"javadoc":"","static":false,"name":"setShortValue","comment":"","params":[{"type_long":"short","name":"value","comment":"","type_short":"short"}],"throws":[],"return":{"type_long":"void","comment":"","type_short":"void"}},{"javadoc":"","static":false,"name":"toString","comment":"","params":[],"throws":[],"return":{"type_long":"java.lang.String","comment":"","type_short":"String"}},{"javadoc":"","static":false,"name":"getValueAsString","comment":"","params":[],"throws":[],"return":{"type_long":"java.lang.String","comment":"","type_short":"String"}},{"javadoc":"","static":false,"name":"equals","comment":"","params":[{"type_long":"java.lang.Object","name":"obj","comment":"","type_short":"Object"}],"throws":[],"return":{"type_long":"boolean","comment":"","type_short":"boolean"}},{"javadoc":"","static":false,"name":"compareTo","comment":"","params":[{"type_long":"db.Field","name":"o","comment":"","type_short":"Field"}],"throws":[],"return":{"type_long":"int","comment":"","type_short":"int"}},{"javadoc":"","static":false,"name":"newField","comment":"","params":[{"type_long":"db.Field","name":"fieldValue","comment":"","type_short":"Field"}],"throws":[],"return":{"type_long":"db.Field","comment":"","type_short":"Field"}},{"javadoc":"","static":false,"name":"newField","comment":"","params":[],"throws":[],"return":{"type_long":"db.Field","comment":"","type_short":"Field"}},{"javadoc":"","static":false,"name":"getLongValue","comment":"","params":[],"throws":[],"return":{"type_long":"long","comment":"","type_short":"long"}},{"javadoc":"","static":false,"name":"setLongValue","comment":"","params":[{"type_long":"long","name":"value","comment":"","type_short":"long"}],"throws":[],"return":{"type_long":"void","comment":"","type_short":"void"}},{"javadoc":"","static":false,"name":"getBinaryData","comment":"","params":[],"throws":[],"return":{"type_long":"byte[]","comment":"","type_short":"byte[]"}},{"javadoc":"","static":false,"name":"hashCode","comment":"","params":[],"throws":[],"return":{"type_long":"int","comment":"","type_short":"int"}}],"name":"ShortField","comment":"ShortField provides a wrapper for 2-byte signed short data \n which is read or written to a Record.","fields":[]}
