{"implements":[],"javadoc":"<code>StringField<\/code> provides a wrapper for variable length String data which is read or\n written to a Record. Strings are always encoded as UTF-8.","static":false,"extends":"db.Field","methods":[{"javadoc":"Construct a String field with an initial value of null.","static":false,"name":"<init>","comment":"Construct a String field with an initial value of null.","params":[],"throws":[],"return":{"type_long":"void","comment":"","type_short":"void"}},{"javadoc":"Construct a String field with an initial value of s.\n@param s initial value","static":false,"name":"<init>","comment":"Construct a String field with an initial value of s.","params":[{"type_long":"java.lang.String","name":"s","comment":"initial value","type_short":"String"}],"throws":[],"return":{"type_long":"void","comment":"","type_short":"void"}},{"javadoc":"","static":false,"name":"getString","comment":"","params":[],"throws":[],"return":{"type_long":"java.lang.String","comment":"","type_short":"String"}},{"javadoc":"","static":false,"name":"setString","comment":"","params":[{"type_long":"java.lang.String","name":"str","comment":"","type_short":"String"}],"throws":[],"return":{"type_long":"void","comment":"","type_short":"void"}},{"javadoc":"","static":false,"name":"isVariableLength","comment":"","params":[],"throws":[],"return":{"type_long":"boolean","comment":"","type_short":"boolean"}},{"javadoc":"","static":false,"name":"toString","comment":"","params":[],"throws":[],"return":{"type_long":"java.lang.String","comment":"","type_short":"String"}},{"javadoc":"","static":false,"name":"getValueAsString","comment":"","params":[],"throws":[],"return":{"type_long":"java.lang.String","comment":"","type_short":"String"}},{"javadoc":"","static":false,"name":"equals","comment":"","params":[{"type_long":"java.lang.Object","name":"obj","comment":"","type_short":"Object"}],"throws":[],"return":{"type_long":"boolean","comment":"","type_short":"boolean"}},{"javadoc":"","static":false,"name":"getBinaryData","comment":"","params":[],"throws":[],"return":{"type_long":"byte[]","comment":"","type_short":"byte[]"}},{"javadoc":"","static":false,"name":"setBinaryData","comment":"","params":[{"type_long":"byte[]","name":"bytes","comment":"","type_short":"byte[]"}],"throws":[],"return":{"type_long":"void","comment":"","type_short":"void"}},{"javadoc":"","static":false,"name":"compareTo","comment":"","params":[{"type_long":"db.Field","name":"o","comment":"","type_short":"Field"}],"throws":[],"return":{"type_long":"int","comment":"","type_short":"int"}},{"javadoc":"","static":false,"name":"newField","comment":"","params":[{"type_long":"db.Field","name":"fieldValue","comment":"","type_short":"Field"}],"throws":[],"return":{"type_long":"db.Field","comment":"","type_short":"Field"}},{"javadoc":"","static":false,"name":"newField","comment":"","params":[],"throws":[],"return":{"type_long":"db.Field","comment":"","type_short":"Field"}},{"javadoc":"","static":false,"name":"hashCode","comment":"","params":[],"throws":[],"return":{"type_long":"int","comment":"","type_short":"int"}}],"name":"StringField","comment":"StringField provides a wrapper for variable length String data which is read or\n written to a Record. Strings are always encoded as UTF-8.","fields":[]}
