{"implements":[],"javadoc":"Table statistics data","static":false,"extends":"java.lang.Object","methods":[{"javadoc":"","static":false,"name":"<init>","comment":"","params":[],"throws":[],"return":{"type_long":"void","comment":"","type_short":"void"}}],"name":"TableStatistics","comment":"Table statistics data","fields":[{"type_long":"java.lang.String","javadoc":"Name of table (same name used by both primary table and related index tables)","static":false,"name":"name","comment":"Name of table (same name used by both primary table and related index tables)","type_short":"String","constant_value":null},{"type_long":"int","javadoc":"For index tables, this indicates the indexed column within the primary table.\n For primary tables, this value is -1 and does not apply.","static":false,"name":"indexColumn","comment":"For index tables, this indicates the indexed column within the primary table.\n For primary tables, this value is -1 and does not apply.","type_short":"int","constant_value":null},{"type_long":"int","javadoc":"Total number of table nodes","static":false,"name":"bufferCount","comment":"Total number of table nodes","type_short":"int","constant_value":null},{"type_long":"int","javadoc":"Total size of table","static":false,"name":"size","comment":"Total size of table","type_short":"int","constant_value":null},{"type_long":"int","javadoc":"Total number of interior nodes","static":false,"name":"interiorNodeCnt","comment":"Total number of interior nodes","type_short":"int","constant_value":null},{"type_long":"int","javadoc":"Total number of leaf\/record nodes.","static":false,"name":"recordNodeCnt","comment":"Total number of leaf\/record nodes.","type_short":"int","constant_value":null},{"type_long":"int","javadoc":"Total number of buffers used within chanined DBBuffers for\n record storage.","static":false,"name":"chainedBufferCnt","comment":"Total number of buffers used within chanined DBBuffers for\n record storage.","type_short":"int","constant_value":null}]}
