{"implements":[],"javadoc":"<code>TerminatedTransactionException<\/code> occurs when a database modification is\n attempted following the forced\/premature termination of an open transaction.","static":false,"extends":"java.lang.RuntimeException","methods":[{"javadoc":"Constructor.","static":false,"name":"<init>","comment":"Constructor.","params":[],"throws":[],"return":{"type_long":"void","comment":"","type_short":"void"}}],"name":"TerminatedTransactionException","comment":"TerminatedTransactionException occurs when a database modification is\n attempted following the forced\/premature termination of an open transaction.","fields":[]}
