{"implements":[],"javadoc":"","static":false,"extends":"java.lang.Object","methods":[{"javadoc":"","static":false,"name":"<init>","comment":"","params":[],"throws":[],"return":{"type_long":"void","comment":"","type_short":"void"}},{"javadoc":"","static":true,"name":"main","comment":"","params":[{"type_long":"java.lang.String[]","name":"args","comment":"","type_short":"java.lang.String[]"}],"throws":[],"return":{"type_long":"void","comment":"","type_short":"void"}}],"name":"TestSpeed","comment":"","fields":[]}
