{"implements":["db.RecordIterator"],"javadoc":"","static":false,"extends":"java.lang.Object","methods":[{"javadoc":"","static":false,"name":"<init>","comment":"","params":[{"type_long":"db.RecordIterator","name":"it","comment":"","type_short":"RecordIterator"},{"type_long":"db.RecordTranslator","name":"translator","comment":"","type_short":"RecordTranslator"}],"throws":[],"return":{"type_long":"void","comment":"","type_short":"void"}},{"javadoc":"","static":false,"name":"hasNext","comment":"","params":[],"throws":[{"type_long":"java.io.IOException","comment":"","type_short":"IOException"}],"return":{"type_long":"boolean","comment":"","type_short":"boolean"}},{"javadoc":"","static":false,"name":"hasPrevious","comment":"","params":[],"throws":[{"type_long":"java.io.IOException","comment":"","type_short":"IOException"}],"return":{"type_long":"boolean","comment":"","type_short":"boolean"}},{"javadoc":"","static":false,"name":"next","comment":"","params":[],"throws":[{"type_long":"java.io.IOException","comment":"","type_short":"IOException"}],"return":{"type_long":"db.Record","comment":"","type_short":"Record"}},{"javadoc":"","static":false,"name":"previous","comment":"","params":[],"throws":[{"type_long":"java.io.IOException","comment":"","type_short":"IOException"}],"return":{"type_long":"db.Record","comment":"","type_short":"Record"}},{"javadoc":"","static":false,"name":"delete","comment":"","params":[],"throws":[{"type_long":"java.io.IOException","comment":"","type_short":"IOException"}],"return":{"type_long":"boolean","comment":"","type_short":"boolean"}}],"name":"TranslatedRecordIterator","comment":"","fields":[]}
