{"implements":[],"javadoc":"Our custom factory that knows how to look for extra XML attributes and how to \n create our custom tree items","static":true,"extends":"javax.help.TOCView.DefaultTOCFactory","methods":[{"javadoc":"","static":false,"name":"<init>","comment":"","params":[],"throws":[],"return":{"type_long":"void","comment":"","type_short":"void"}},{"javadoc":"","static":false,"name":"createItem","comment":"","params":[{"type_long":"java.lang.String","name":"tagName","comment":"","type_short":"String"},{"type_long":"java.util.Hashtable","name":"atts","comment":"","type_short":"Hashtable"},{"type_long":"javax.help.HelpSet","name":"hs","comment":"","type_short":"HelpSet"},{"type_long":"java.util.Locale","name":"locale","comment":"","type_short":"Locale"}],"throws":[],"return":{"type_long":"javax.help.TreeItem","comment":"","type_short":"TreeItem"}}],"name":"CustomDefaultTOCFactory","comment":"Our custom factory that knows how to look for extra XML attributes and how to \n create our custom tree items","fields":[]}
