{"implements":[],"javadoc":"A custom tree item that allows us to store and retrieve custom attributes that we parsed\n from the TOC xml document.","static":true,"extends":"javax.help.TOCItem","methods":[{"javadoc":"","static":false,"name":"<init>","comment":"","params":[{"type_long":"javax.help.TOCItem","name":"wrappedItem","comment":"","type_short":"TOCItem"}],"throws":[],"return":{"type_long":"void","comment":"","type_short":"void"}},{"javadoc":"","static":false,"name":"getDisplayText","comment":"","params":[],"throws":[],"return":{"type_long":"java.lang.String","comment":"","type_short":"String"}},{"javadoc":"","static":false,"name":"getTocID","comment":"","params":[],"throws":[],"return":{"type_long":"java.lang.String","comment":"","type_short":"String"}},{"javadoc":"","static":false,"name":"equals","comment":"","params":[{"type_long":"java.lang.Object","name":"obj","comment":"","type_short":"Object"}],"throws":[],"return":{"type_long":"boolean","comment":"","type_short":"boolean"}},{"javadoc":"","static":false,"name":"getExpansionType","comment":"","params":[],"throws":[],"return":{"type_long":"int","comment":"","type_short":"int"}},{"javadoc":"","static":false,"name":"getHelpSet","comment":"","params":[],"throws":[],"return":{"type_long":"javax.help.HelpSet","comment":"","type_short":"HelpSet"}},{"javadoc":"","static":false,"name":"getID","comment":"","params":[],"throws":[],"return":{"type_long":"javax.help.Map.ID","comment":"","type_short":"ID"}},{"javadoc":"","static":false,"name":"getImageID","comment":"","params":[],"throws":[],"return":{"type_long":"javax.help.Map.ID","comment":"","type_short":"ID"}},{"javadoc":"","static":false,"name":"getLocale","comment":"","params":[],"throws":[],"return":{"type_long":"java.util.Locale","comment":"","type_short":"Locale"}},{"javadoc":"","static":false,"name":"getMergeType","comment":"","params":[],"throws":[],"return":{"type_long":"java.lang.String","comment":"","type_short":"String"}},{"javadoc":"","static":false,"name":"getName","comment":"","params":[],"throws":[],"return":{"type_long":"java.lang.String","comment":"","type_short":"String"}},{"javadoc":"","static":false,"name":"getPresentation","comment":"","params":[],"throws":[],"return":{"type_long":"java.lang.String","comment":"","type_short":"String"}},{"javadoc":"","static":false,"name":"getPresentationName","comment":"","params":[],"throws":[],"return":{"type_long":"java.lang.String","comment":"","type_short":"String"}},{"javadoc":"","static":false,"name":"getURL","comment":"","params":[],"throws":[],"return":{"type_long":"java.net.URL","comment":"","type_short":"URL"}},{"javadoc":"","static":false,"name":"hashCode","comment":"","params":[],"throws":[],"return":{"type_long":"int","comment":"","type_short":"int"}},{"javadoc":"","static":false,"name":"setExpansionType","comment":"","params":[{"type_long":"int","name":"type","comment":"","type_short":"int"}],"throws":[],"return":{"type_long":"void","comment":"","type_short":"void"}},{"javadoc":"","static":false,"name":"setHelpSet","comment":"","params":[{"type_long":"javax.help.HelpSet","name":"hs","comment":"","type_short":"HelpSet"}],"throws":[],"return":{"type_long":"void","comment":"","type_short":"void"}},{"javadoc":"","static":false,"name":"setID","comment":"","params":[{"type_long":"javax.help.Map.ID","name":"id","comment":"","type_short":"ID"}],"throws":[],"return":{"type_long":"void","comment":"","type_short":"void"}},{"javadoc":"","static":false,"name":"setMergeType","comment":"","params":[{"type_long":"java.lang.String","name":"mergeType","comment":"","type_short":"String"}],"throws":[],"return":{"type_long":"void","comment":"","type_short":"void"}},{"javadoc":"","static":false,"name":"setName","comment":"","params":[{"type_long":"java.lang.String","name":"name","comment":"","type_short":"String"}],"throws":[],"return":{"type_long":"void","comment":"","type_short":"void"}},{"javadoc":"","static":false,"name":"setPresentation","comment":"","params":[{"type_long":"java.lang.String","name":"presentation","comment":"","type_short":"String"}],"throws":[],"return":{"type_long":"void","comment":"","type_short":"void"}},{"javadoc":"","static":false,"name":"setPresentationName","comment":"","params":[{"type_long":"java.lang.String","name":"presentationName","comment":"","type_short":"String"}],"throws":[],"return":{"type_long":"void","comment":"","type_short":"void"}},{"javadoc":"","static":false,"name":"toString","comment":"","params":[],"throws":[],"return":{"type_long":"java.lang.String","comment":"","type_short":"String"}}],"name":"CustomTreeItemDecorator","comment":"A custom tree item that allows us to store and retrieve custom attributes that we parsed\n from the TOC xml document.","fields":[]}
