{"implements":[],"javadoc":"A mouse listener implementation designed to provide consistent handling of triggers for\n popups and double-clicking.\n <P>\n <U>Notes:<\/U>\n <UL>\n \t\t<LI>Popup triggers always supersedes double-click actions.<\/LI>\n  \t\t<LI>The stage an action triggers (pressed\/released\/clicked) is platform dependent.<\/LI>\n  \t\t<LI>Each of the methods mentioned below will be called as appropriate.<\/LI>\n  \t\t<LI>You can override any of these methods to be called for each trigger.<\/LI>\n  \t\t<LI>Normally popups are handled by the framework via custom actions.  But, for custom\n          widgets it is sometimes simpler to handle your own popups.  This class makes that \n          easier<\/LI>\n <\/UL>\n@see #popupTriggered(MouseEvent)\n@see #doubleClickTriggered(MouseEvent)\n@see #shouldConsume(MouseEvent)","static":false,"extends":"java.awt.event.MouseAdapter","methods":[{"javadoc":"","static":false,"name":"<init>","comment":"","params":[],"throws":[],"return":{"type_long":"void","comment":"","type_short":"void"}},{"javadoc":"This method is called to ask the client if they wish to consume the given event.  This\n allows clients to keep events from propagating to other listeners.\n@param e the event to potentially consume\n@return true if the event should be consumed","static":false,"name":"shouldConsume","comment":"This method is called to ask the client if they wish to consume the given event.  This\n allows clients to keep events from propagating to other listeners.","params":[{"type_long":"java.awt.event.MouseEvent","name":"e","comment":"the event to potentially consume","type_short":"MouseEvent"}],"throws":[],"return":{"type_long":"boolean","comment":"true if the event should be consumed","type_short":"boolean"}},{"javadoc":"Called when a double-click event is discovered.\n@param e the event that triggered the double-click","static":false,"name":"doubleClickTriggered","comment":"Called when a double-click event is discovered.","params":[{"type_long":"java.awt.event.MouseEvent","name":"e","comment":"the event that triggered the double-click","type_short":"MouseEvent"}],"throws":[],"return":{"type_long":"void","comment":"","type_short":"void"}},{"javadoc":"Called when a popup event is discovered.\n@param e the event that triggered the popup","static":false,"name":"popupTriggered","comment":"Called when a popup event is discovered.","params":[{"type_long":"java.awt.event.MouseEvent","name":"e","comment":"the event that triggered the popup","type_short":"MouseEvent"}],"throws":[],"return":{"type_long":"void","comment":"","type_short":"void"}},{"javadoc":"","static":false,"name":"mousePressed","comment":"","params":[{"type_long":"java.awt.event.MouseEvent","name":"e","comment":"","type_short":"MouseEvent"}],"throws":[],"return":{"type_long":"void","comment":"","type_short":"void"}},{"javadoc":"","static":false,"name":"mouseReleased","comment":"","params":[{"type_long":"java.awt.event.MouseEvent","name":"e","comment":"","type_short":"MouseEvent"}],"throws":[],"return":{"type_long":"void","comment":"","type_short":"void"}},{"javadoc":"","static":false,"name":"mouseClicked","comment":"","params":[{"type_long":"java.awt.event.MouseEvent","name":"e","comment":"","type_short":"MouseEvent"}],"throws":[],"return":{"type_long":"void","comment":"","type_short":"void"}}],"name":"GMouseListenerAdapter","comment":"A mouse listener implementation designed to provide consistent handling of triggers for\n popups and double-clicking.\n \n Notes:\n \n \t\tPopup triggers always supersedes double-click actions.\n  \t\tThe stage an action triggers (pressed\/released\/clicked) is platform dependent.\n  \t\tEach of the methods mentioned below will be called as appropriate.\n  \t\tYou can override any of these methods to be called for each trigger.\n  \t\tNormally popups are handled by the framework via custom actions.  But, for custom\n          widgets it is sometimes simpler to handle your own popups.  This class makes that \n          easier\n ","fields":[]}
