{"implements":[],"javadoc":"Splash screen window to display version information about the current release of \n the Ghidra application. The window is displayed when Ghidra starts; when\n initialization is complete, the splash screen is dismissed.","static":false,"extends":"docking.DialogComponentProvider","methods":[{"javadoc":"","static":false,"name":"<init>","comment":"","params":[],"throws":[],"return":{"type_long":"void","comment":"","type_short":"void"}},{"javadoc":"","static":true,"name":"main","comment":"","params":[{"type_long":"java.lang.String[]","name":"args","comment":"","type_short":"java.lang.String[]"}],"throws":[{"type_long":"java.lang.Exception","comment":"","type_short":"Exception"}],"return":{"type_long":"void","comment":"","type_short":"void"}}],"name":"AboutDialog","comment":"Splash screen window to display version information about the current release of \n the Ghidra application. The window is displayed when Ghidra starts; when\n initialization is complete, the splash screen is dismissed.","fields":[]}
