{"implements":[],"javadoc":"","static":false,"extends":"java.lang.Object","methods":[{"javadoc":"","static":false,"name":"<init>","comment":"","params":[],"throws":[],"return":{"type_long":"void","comment":"","type_short":"void"}},{"javadoc":"","static":true,"name":"createSplashScreenTitle","comment":"","params":[],"throws":[],"return":{"type_long":"java.lang.String","comment":"","type_short":"String"}},{"javadoc":"","static":true,"name":"createAboutTitle","comment":"","params":[],"throws":[],"return":{"type_long":"java.lang.String","comment":"","type_short":"String"}},{"javadoc":"","static":true,"name":"getWindowIcons","comment":"","params":[],"throws":[],"return":{"type_long":"java.util.List<java.awt.Image>","comment":"","type_short":"List"}},{"javadoc":"","static":true,"name":"getLargestWindowIcon","comment":"","params":[],"throws":[],"return":{"type_long":"java.awt.Image","comment":"","type_short":"Image"}},{"javadoc":"","static":true,"name":"getHomeIcon","comment":"","params":[],"throws":[],"return":{"type_long":"javax.swing.ImageIcon","comment":"","type_short":"ImageIcon"}},{"javadoc":"","static":true,"name":"getHomeCallback","comment":"","params":[],"throws":[],"return":{"type_long":"java.lang.Runnable","comment":"","type_short":"Runnable"}},{"javadoc":"","static":true,"name":"createSplashScreenComponent","comment":"","params":[],"throws":[],"return":{"type_long":"javax.swing.JComponent","comment":"","type_short":"JComponent"}},{"javadoc":"","static":true,"name":"createAboutComponent","comment":"","params":[],"throws":[],"return":{"type_long":"javax.swing.JComponent","comment":"","type_short":"JComponent"}},{"javadoc":"","static":true,"name":"createHelpLocation","comment":"","params":[],"throws":[],"return":{"type_long":"ghidra.util.HelpLocation","comment":"","type_short":"HelpLocation"}}],"name":"ApplicationInformationDisplayFactory","comment":"","fields":[]}
