{"implements":[],"javadoc":"","static":false,"extends":"ghidra.framework.ApplicationConfiguration","methods":[{"javadoc":"","static":false,"name":"<init>","comment":"","params":[],"throws":[],"return":{"type_long":"void","comment":"","type_short":"void"}},{"javadoc":"","static":false,"name":"isHeadless","comment":"","params":[],"throws":[],"return":{"type_long":"boolean","comment":"","type_short":"boolean"}},{"javadoc":"","static":false,"name":"getErrorDisplay","comment":"","params":[],"throws":[],"return":{"type_long":"ghidra.util.ErrorDisplay","comment":"","type_short":"ErrorDisplay"}},{"javadoc":"","static":false,"name":"setShowSplashScreen","comment":"","params":[{"type_long":"boolean","name":"showSplashScreen","comment":"","type_short":"boolean"}],"throws":[],"return":{"type_long":"void","comment":"","type_short":"void"}},{"javadoc":"","static":false,"name":"isShowSplashScreen","comment":"","params":[],"throws":[],"return":{"type_long":"boolean","comment":"","type_short":"boolean"}}],"name":"DockingApplicationConfiguration","comment":"","fields":[]}
