{"implements":[],"javadoc":"The docking application layout defines the customizable elements of a docking application's \n directory structure.","static":false,"extends":"utility.applicaiton.ApplicationLayout","methods":[{"javadoc":"Constructs a new docking application layout object with the given name.\n@param name The name of the application.\n@throws FileNotFoundException if there was a problem getting a user directory.","static":false,"name":"<init>","comment":"Constructs a new docking application layout object with the given name.","params":[{"type_long":"java.lang.String","name":"name","comment":"The name of the application.","type_short":"String"}],"throws":[{"type_long":"java.io.FileNotFoundException","comment":"if there was a problem getting a user directory.","type_short":"FileNotFoundException"},{"type_long":"java.io.IOException","comment":"","type_short":"IOException"}],"return":{"type_long":"void","comment":"","type_short":"void"}},{"javadoc":"Constructs a new docking application layout object with the given name and version.\n@param name The name of the application.\n@param version The version of the application.\n@throws FileNotFoundException if there was a problem getting a user directory.","static":false,"name":"<init>","comment":"Constructs a new docking application layout object with the given name and version.","params":[{"type_long":"java.lang.String","name":"name","comment":"The name of the application.","type_short":"String"},{"type_long":"java.lang.String","name":"version","comment":"The version of the application.","type_short":"String"}],"throws":[{"type_long":"java.io.FileNotFoundException","comment":"if there was a problem getting a user directory.","type_short":"FileNotFoundException"}],"return":{"type_long":"void","comment":"","type_short":"void"}},{"javadoc":"Constructs a new docking application layout object with the given set of application\n properties.\n@param applicationProperties The properties object that will be read system properties.\n@throws FileNotFoundException if there was a problem getting a user directory.","static":false,"name":"<init>","comment":"Constructs a new docking application layout object with the given set of application\n properties.","params":[{"type_long":"ghidra.framework.ApplicationProperties","name":"applicationProperties","comment":"The properties object that will be read system properties.","type_short":"ApplicationProperties"}],"throws":[{"type_long":"java.io.FileNotFoundException","comment":"if there was a problem getting a user directory.","type_short":"FileNotFoundException"}],"return":{"type_long":"void","comment":"","type_short":"void"}}],"name":"DockingApplicationLayout","comment":"The docking application layout defines the customizable elements of a docking application's \n directory structure.","fields":[]}
