{"implements":[],"javadoc":"","static":false,"extends":"docking.test.AbstractDockingTest","methods":[{"javadoc":"","static":false,"name":"<init>","comment":"","params":[],"throws":[],"return":{"type_long":"void","comment":"","type_short":"void"}},{"javadoc":"","static":false,"name":"tearDown","comment":"","params":[],"throws":[],"return":{"type_long":"void","comment":"","type_short":"void"}},{"javadoc":"","static":false,"name":"testShowInfoWindow","comment":"","params":[],"throws":[{"type_long":"java.lang.Exception","comment":"","type_short":"Exception"}],"return":{"type_long":"void","comment":"","type_short":"void"}},{"javadoc":"","static":false,"name":"testShowAndHideSplashScreen","comment":"","params":[],"throws":[],"return":{"type_long":"void","comment":"","type_short":"void"}},{"javadoc":"","static":false,"name":"testUpdateSplashScreenStatus","comment":"","params":[],"throws":[],"return":{"type_long":"void","comment":"","type_short":"void"}},{"javadoc":"Test that the modal password dialog does not get hidden behind the\n splash screen.\n@since Tracker Id 275","static":false,"name":"testSplashScreenPasswordModality_SharedParent","comment":"Test that the modal password dialog does not get hidden behind the\n splash screen.","params":[],"throws":[{"type_long":"java.lang.Exception","comment":"","type_short":"Exception"}],"return":{"type_long":"void","comment":"","type_short":"void"}},{"javadoc":"","static":false,"name":"testSplashScreenPasswordModality_UnsharedParent","comment":"","params":[],"throws":[{"type_long":"java.lang.Exception","comment":"","type_short":"Exception"}],"return":{"type_long":"void","comment":"","type_short":"void"}}],"name":"SplashScreenTest","comment":"","fields":[]}
