{"implements":[],"javadoc":"Splash screen window to display version information about the current release of\n the Ghidra application. The window is displayed when Ghidra starts; when\n initialization is complete, the splash screen is dismissed.","static":false,"extends":"javax.swing.JWindow","methods":[{"javadoc":"Show the splash screen; displayed only when Ghidra is first coming up\n@return the new splash screen","static":true,"name":"showSplashScreen","comment":"Show the splash screen; displayed only when Ghidra is first coming up","params":[],"throws":[],"return":{"type_long":"docking.framework.SplashScreen","comment":"the new splash screen","type_short":"SplashScreen"}},{"javadoc":"Remove the splash screen; Ghidra is done loading.","static":true,"name":"disposeSplashScreen","comment":"Remove the splash screen; Ghidra is done loading.","params":[],"throws":[],"return":{"type_long":"void","comment":"","type_short":"void"}},{"javadoc":"Update the load status on the splash screen.\n@param status string to put in the message area of the splash screen","static":true,"name":"updateSplashScreenStatus","comment":"Update the load status on the splash screen.","params":[{"type_long":"java.lang.String","name":"status","comment":"string to put in the message area of the splash screen","type_short":"String"}],"throws":[],"return":{"type_long":"void","comment":"","type_short":"void"}},{"javadoc":"","static":true,"name":"main","comment":"","params":[{"type_long":"java.lang.String[]","name":"args","comment":"","type_short":"java.lang.String[]"}],"throws":[{"type_long":"java.lang.Exception","comment":"","type_short":"Exception"}],"return":{"type_long":"void","comment":"","type_short":"void"}}],"name":"SplashScreen","comment":"Splash screen window to display version information about the current release of\n the Ghidra application. The window is displayed when Ghidra starts; when\n initialization is complete, the splash screen is dismissed.","fields":[]}
