{"implements":[],"javadoc":"","static":false,"extends":"docking.action.DockingAction","methods":[{"javadoc":"","static":false,"name":"<init>","comment":"","params":[{"type_long":"boolean","name":"infoOnly","comment":"","type_short":"boolean"},{"type_long":"javax.swing.KeyStroke","name":"keybinding","comment":"","type_short":"KeyStroke"}],"throws":[],"return":{"type_long":"void","comment":"","type_short":"void"}},{"javadoc":"","static":false,"name":"isEnabledForContext","comment":"","params":[{"type_long":"docking.ActionContext","name":"context","comment":"","type_short":"ActionContext"}],"throws":[],"return":{"type_long":"boolean","comment":"","type_short":"boolean"}},{"javadoc":"","static":false,"name":"actionPerformed","comment":"","params":[{"type_long":"docking.ActionContext","name":"context","comment":"","type_short":"ActionContext"}],"throws":[],"return":{"type_long":"void","comment":"","type_short":"void"}}],"name":"HelpAction","comment":"","fields":[]}
