{"implements":[],"javadoc":"","static":false,"extends":"docking.action.DockingAction","methods":[{"javadoc":"","static":false,"name":"<init>","comment":"","params":[{"type_long":"docking.DockingActionManager","name":"dockingActionManager","comment":"","type_short":"DockingActionManager"}],"throws":[],"return":{"type_long":"void","comment":"","type_short":"void"}},{"javadoc":"","static":false,"name":"actionPerformed","comment":"","params":[{"type_long":"docking.ActionContext","name":"context","comment":"","type_short":"ActionContext"}],"throws":[],"return":{"type_long":"void","comment":"","type_short":"void"}},{"javadoc":"","static":false,"name":"isEnabledForContext","comment":"","params":[{"type_long":"docking.ActionContext","name":"context","comment":"","type_short":"ActionContext"}],"throws":[],"return":{"type_long":"boolean","comment":"","type_short":"boolean"}}],"name":"KeyBindingAction","comment":"","fields":[]}
