{"implements":[],"javadoc":"","static":false,"extends":"java.lang.Object","methods":[{"javadoc":"","static":false,"name":"<init>","comment":"","params":[{"type_long":"javax.swing.KeyStroke","name":"keyStroke","comment":"","type_short":"KeyStroke"}],"throws":[],"return":{"type_long":"void","comment":"","type_short":"void"}},{"javadoc":"","static":false,"name":"<init>","comment":"","params":[{"type_long":"char","name":"c","comment":"","type_short":"char"},{"type_long":"int","name":"modifiers","comment":"","type_short":"int"}],"throws":[],"return":{"type_long":"void","comment":"","type_short":"void"}},{"javadoc":"","static":false,"name":"<init>","comment":"","params":[{"type_long":"int","name":"keyCode","comment":"","type_short":"int"},{"type_long":"int","name":"modifiers","comment":"","type_short":"int"}],"throws":[],"return":{"type_long":"void","comment":"","type_short":"void"}},{"javadoc":"","static":false,"name":"<init>","comment":"","params":[{"type_long":"javax.swing.KeyStroke","name":"keyStroke","comment":"","type_short":"KeyStroke"},{"type_long":"docking.KeyBindingPrecedence","name":"precedence","comment":"","type_short":"KeyBindingPrecedence"}],"throws":[],"return":{"type_long":"void","comment":"","type_short":"void"}},{"javadoc":"Returns an accelerator keystroke to be associated with this action.","static":false,"name":"getKeyBinding","comment":"Returns an accelerator keystroke to be associated with this action.","params":[],"throws":[],"return":{"type_long":"javax.swing.KeyStroke","comment":"","type_short":"KeyStroke"}},{"javadoc":"Returns the keyBindingPrecedence for this action","static":false,"name":"getKeyBindingPrecedence","comment":"Returns the keyBindingPrecedence for this action","params":[],"throws":[],"return":{"type_long":"docking.KeyBindingPrecedence","comment":"","type_short":"KeyBindingPrecedence"}},{"javadoc":"","static":false,"name":"toString","comment":"","params":[],"throws":[],"return":{"type_long":"java.lang.String","comment":"","type_short":"String"}},{"javadoc":"Updates the given data with system-independent versions of key modifiers.  For example, \n the <tt>control<\/tt> key will be converted to the <tt>command<\/tt> key on the Mac.\n@param newKeyBindingData the data to validate\n@return the potentially changed data","static":true,"name":"validateKeyBindingData","comment":"Updates the given data with system-independent versions of key modifiers.  For example, \n the control key will be converted to the command key on the Mac.","params":[{"type_long":"docking.action.KeyBindingData","name":"newKeyBindingData","comment":"the data to validate","type_short":"KeyBindingData"}],"throws":[],"return":{"type_long":"docking.action.KeyBindingData","comment":"the potentially changed data","type_short":"KeyBindingData"}},{"javadoc":"Updates the given data with system-independent versions of key modifiers.  For example, \n the <tt>control<\/tt> key will be converted to the <tt>command<\/tt> key on the Mac.\n@param keyStroke the keystroke to validate\n@return the potentially changed keystroke","static":true,"name":"validateKeyStroke","comment":"Updates the given data with system-independent versions of key modifiers.  For example, \n the control key will be converted to the command key on the Mac.","params":[{"type_long":"javax.swing.KeyStroke","name":"keyStroke","comment":"the keystroke to validate","type_short":"KeyStroke"}],"throws":[],"return":{"type_long":"javax.swing.KeyStroke","comment":"the potentially changed keystroke","type_short":"KeyStroke"}}],"name":"KeyBindingData","comment":"","fields":[]}
