{"implements":[],"javadoc":"Dialog to set the key binding on an action; it is popped up when the F4 key\n is hit.","static":false,"extends":"docking.DialogComponentProvider","methods":[{"javadoc":"","static":false,"name":"<init>","comment":"","params":[{"type_long":"docking.action.DockingActionIf","name":"action","comment":"","type_short":"DockingActionIf"},{"type_long":"docking.DockingActionManager","name":"actionManager","comment":"","type_short":"DockingActionManager"}],"throws":[],"return":{"type_long":"void","comment":"","type_short":"void"}}],"name":"KeyEntryDialog","comment":"Dialog to set the key binding on an action; it is popped up when the F4 key\n is hit.","fields":[]}
