{"implements":[],"javadoc":"","static":false,"extends":"java.lang.Object","methods":[{"javadoc":"","static":false,"name":"<init>","comment":"","params":[{"type_long":"java.lang.String[]","name":"menuPath","comment":"","type_short":"java.lang.String[]"}],"throws":[],"return":{"type_long":"void","comment":"","type_short":"void"}},{"javadoc":"","static":false,"name":"<init>","comment":"","params":[{"type_long":"java.lang.String[]","name":"menuPath","comment":"","type_short":"java.lang.String[]"},{"type_long":"java.lang.String","name":"group","comment":"","type_short":"String"}],"throws":[],"return":{"type_long":"void","comment":"","type_short":"void"}},{"javadoc":"","static":false,"name":"<init>","comment":"","params":[{"type_long":"java.lang.String[]","name":"menuPath","comment":"","type_short":"java.lang.String[]"},{"type_long":"javax.swing.Icon","name":"icon","comment":"","type_short":"Icon"}],"throws":[],"return":{"type_long":"void","comment":"","type_short":"void"}},{"javadoc":"","static":false,"name":"<init>","comment":"","params":[{"type_long":"java.lang.String[]","name":"menuPath","comment":"","type_short":"java.lang.String[]"},{"type_long":"javax.swing.Icon","name":"icon","comment":"","type_short":"Icon"},{"type_long":"java.lang.String","name":"menuGroup","comment":"","type_short":"String"}],"throws":[],"return":{"type_long":"void","comment":"","type_short":"void"}},{"javadoc":"","static":false,"name":"<init>","comment":"","params":[{"type_long":"java.lang.String[]","name":"menuPath","comment":"","type_short":"java.lang.String[]"},{"type_long":"javax.swing.Icon","name":"icon","comment":"","type_short":"Icon"},{"type_long":"java.lang.String","name":"menuGroup","comment":"","type_short":"String"},{"type_long":"int","name":"mnemonic","comment":"","type_short":"int"},{"type_long":"java.lang.String","name":"menuSubGroup","comment":"","type_short":"String"}],"throws":[],"return":{"type_long":"void","comment":"","type_short":"void"}},{"javadoc":"","static":false,"name":"<init>","comment":"","params":[{"type_long":"docking.action.MenuData","name":"menuData","comment":"","type_short":"MenuData"}],"throws":[],"return":{"type_long":"void","comment":"","type_short":"void"}},{"javadoc":"","static":false,"name":"cloneData","comment":"","params":[],"throws":[],"return":{"type_long":"docking.action.MenuData","comment":"","type_short":"MenuData"}},{"javadoc":"Returns the menu path.\n@return an array of strings where each string is an element of a higher level menu.","static":false,"name":"getMenuPath","comment":"Returns the menu path.","params":[],"throws":[],"return":{"type_long":"java.lang.String[]","comment":"an array of strings where each string is an element of a higher level menu.","type_short":"java.lang.String[]"}},{"javadoc":"","static":false,"name":"getMenuPathAsString","comment":"","params":[],"throws":[],"return":{"type_long":"java.lang.String","comment":"","type_short":"String"}},{"javadoc":"","static":false,"name":"getMnemonic","comment":"","params":[],"throws":[],"return":{"type_long":"int","comment":"","type_short":"int"}},{"javadoc":"Returns the icon assigned to this action's menu. Null indicates that this action does not \n have a menu icon","static":false,"name":"getMenuIcon","comment":"Returns the icon assigned to this action's menu. Null indicates that this action does not \n have a menu icon","params":[],"throws":[],"return":{"type_long":"javax.swing.Icon","comment":"","type_short":"Icon"}},{"javadoc":"","static":false,"name":"getMenuGroup","comment":"","params":[],"throws":[],"return":{"type_long":"java.lang.String","comment":"","type_short":"String"}},{"javadoc":"Returns the subgroup string.  This string is used to sort items within a \n {@link #getMenuGroup() toolbar group}.  This value is not required.  If not specified, \n then the value will effectively place this item at the end of its specified group.","static":false,"name":"getMenuSubGroup","comment":"Returns the subgroup string.  This string is used to sort items within a \n #getMenuGroup().  This value is not required.  If not specified, \n then the value will effectively place this item at the end of its specified group.","params":[],"throws":[],"return":{"type_long":"java.lang.String","comment":"","type_short":"String"}},{"javadoc":"","static":false,"name":"setIcon","comment":"","params":[{"type_long":"javax.swing.Icon","name":"newIcon","comment":"","type_short":"Icon"}],"throws":[],"return":{"type_long":"void","comment":"","type_short":"void"}},{"javadoc":"","static":false,"name":"setMenuGroup","comment":"","params":[{"type_long":"java.lang.String","name":"newGroup","comment":"","type_short":"String"}],"throws":[],"return":{"type_long":"void","comment":"","type_short":"void"}},{"javadoc":"","static":false,"name":"setMenuSubGroup","comment":"","params":[{"type_long":"java.lang.String","name":"newSubGroup","comment":"","type_short":"String"}],"throws":[],"return":{"type_long":"void","comment":"","type_short":"void"}},{"javadoc":"","static":false,"name":"setMenuPath","comment":"","params":[{"type_long":"java.lang.String[]","name":"newPath","comment":"","type_short":"java.lang.String[]"}],"throws":[],"return":{"type_long":"void","comment":"","type_short":"void"}},{"javadoc":"","static":false,"name":"setMnemonic","comment":"","params":[{"type_long":"java.lang.Character","name":"newMnemonic","comment":"","type_short":"Character"}],"throws":[],"return":{"type_long":"void","comment":"","type_short":"void"}},{"javadoc":"","static":false,"name":"setMenuItemName","comment":"","params":[{"type_long":"java.lang.String","name":"newMenuItemName","comment":"","type_short":"String"}],"throws":[],"return":{"type_long":"void","comment":"","type_short":"void"}},{"javadoc":"","static":false,"name":"getMenuItemName","comment":"","params":[],"throws":[],"return":{"type_long":"java.lang.String","comment":"","type_short":"String"}}],"name":"MenuData","comment":"","fields":[{"type_long":"int","javadoc":"","static":true,"name":"NO_MNEMONIC","comment":"","type_short":"int","constant_value":"-1"},{"type_long":"java.lang.String","javadoc":"","static":true,"name":"NO_SUBGROUP","comment":"","type_short":"String","constant_value":null}]}
