{"implements":[],"javadoc":"Action that manages multiple PluginActions mapped to this action's key binding.","static":false,"extends":"docking.DockingKeyBindingAction","methods":[{"javadoc":"Creates new MultipleKeyAction\n@param winMgr window manager used to determine context.\n@param provider the provider, if any, associated with the action\n@param action action that will be added to the list of actions bound to a keystroke\n@param keyStroke the keystroke, if any, associated with the action","static":false,"name":"<init>","comment":"Creates new MultipleKeyAction","params":[{"type_long":"docking.DockingWindowManager","name":"winMgr","comment":"window manager used to determine context.","type_short":"DockingWindowManager"},{"type_long":"docking.ComponentProvider","name":"provider","comment":"the provider, if any, associated with the action","type_short":"ComponentProvider"},{"type_long":"docking.action.DockingActionIf","name":"action","comment":"action that will be added to the list of actions bound to a keystroke","type_short":"DockingActionIf"},{"type_long":"javax.swing.KeyStroke","name":"keyStroke","comment":"the keystroke, if any, associated with the action","type_short":"KeyStroke"}],"throws":[],"return":{"type_long":"void","comment":"","type_short":"void"}},{"javadoc":"","static":false,"name":"isEmpty","comment":"","params":[],"throws":[],"return":{"type_long":"boolean","comment":"","type_short":"boolean"}},{"javadoc":"","static":false,"name":"addAction","comment":"","params":[{"type_long":"docking.ComponentProvider","name":"provider","comment":"","type_short":"ComponentProvider"},{"type_long":"docking.action.DockingActionIf","name":"action","comment":"","type_short":"DockingActionIf"}],"throws":[],"return":{"type_long":"void","comment":"","type_short":"void"}},{"javadoc":"","static":false,"name":"removeAction","comment":"","params":[{"type_long":"docking.action.DockingActionIf","name":"action","comment":"","type_short":"DockingActionIf"}],"throws":[],"return":{"type_long":"void","comment":"","type_short":"void"}},{"javadoc":"Returns the enabled state of the <code>Action<\/code>. When enabled,\n any component associated with this object is active and\n able to fire this object's <code>actionPerformed<\/code> method.\n@return true if this <code>Action<\/code> is enabled","static":false,"name":"isEnabled","comment":"Returns the enabled state of the Action. When enabled,\n any component associated with this object is active and\n able to fire this object's actionPerformed method.","params":[],"throws":[],"return":{"type_long":"boolean","comment":"true if this Action is enabled","type_short":"boolean"}},{"javadoc":"Enables or disables the action.  This affects all uses\n of the action.  Note that for popups, this affects whether or\n not the option is \"grayed out\", not whether the action is added\n to the popup.\n@param newValue true to enable the action, false to\n                  disable it\n@see Action#setEnabled","static":false,"name":"setEnabled","comment":"Enables or disables the action.  This affects all uses\n of the action.  Note that for popups, this affects whether or\n not the option is \"grayed out\", not whether the action is added\n to the popup.","params":[{"type_long":"boolean","name":"newValue","comment":"true to enable the action, false to\n                  disable it","type_short":"boolean"}],"throws":[],"return":{"type_long":"void","comment":"","type_short":"void"}},{"javadoc":"Invoked when an action occurs.","static":false,"name":"actionPerformed","comment":"Invoked when an action occurs.","params":[{"type_long":"java.awt.event.ActionEvent","name":"event","comment":"","type_short":"ActionEvent"}],"throws":[],"return":{"type_long":"void","comment":"","type_short":"void"}},{"javadoc":"","static":false,"name":"isReservedKeybindingPrecedence","comment":"","params":[],"throws":[],"return":{"type_long":"boolean","comment":"","type_short":"boolean"}},{"javadoc":"","static":false,"name":"getKeyBindingPrecedence","comment":"","params":[],"throws":[],"return":{"type_long":"docking.KeyBindingPrecedence","comment":"","type_short":"KeyBindingPrecedence"}},{"javadoc":"","static":false,"name":"getActions","comment":"","params":[],"throws":[],"return":{"type_long":"java.util.List<docking.action.DockingActionIf>","comment":"","type_short":"List"}},{"javadoc":"","static":false,"name":"toString","comment":"","params":[],"throws":[],"return":{"type_long":"java.lang.String","comment":"","type_short":"String"}}],"name":"MultipleKeyAction","comment":"Action that manages multiple PluginActions mapped to this action's key binding.","fields":[]}
