{"implements":["docking.action.ToggleDockingActionIf"],"javadoc":"","static":false,"extends":"docking.action.DockingAction","methods":[{"javadoc":"","static":false,"name":"<init>","comment":"","params":[{"type_long":"java.lang.String","name":"name","comment":"","type_short":"String"},{"type_long":"java.lang.String","name":"owner","comment":"","type_short":"String"}],"throws":[],"return":{"type_long":"void","comment":"","type_short":"void"}},{"javadoc":"","static":false,"name":"<init>","comment":"","params":[{"type_long":"java.lang.String","name":"name","comment":"","type_short":"String"},{"type_long":"java.lang.String","name":"owner","comment":"","type_short":"String"},{"type_long":"boolean","name":"isKeybindingManaged","comment":"","type_short":"boolean"}],"throws":[],"return":{"type_long":"void","comment":"","type_short":"void"}},{"javadoc":"","static":false,"name":"isSelected","comment":"","params":[],"throws":[],"return":{"type_long":"boolean","comment":"","type_short":"boolean"}},{"javadoc":"","static":false,"name":"setSelected","comment":"","params":[{"type_long":"boolean","name":"newValue","comment":"","type_short":"boolean"}],"throws":[],"return":{"type_long":"void","comment":"","type_short":"void"}},{"javadoc":"","static":false,"name":"actionPerformed","comment":"","params":[{"type_long":"docking.ActionContext","name":"context","comment":"","type_short":"ActionContext"}],"throws":[],"return":{"type_long":"void","comment":"","type_short":"void"}}],"name":"ToggleDockingAction","comment":"","fields":[]}
