{"implements":[],"javadoc":"","static":false,"extends":"java.lang.Object","methods":[{"javadoc":"","static":false,"name":"<init>","comment":"","params":[{"type_long":"javax.swing.Icon","name":"icon","comment":"","type_short":"Icon"}],"throws":[],"return":{"type_long":"void","comment":"","type_short":"void"}},{"javadoc":"","static":false,"name":"<init>","comment":"","params":[{"type_long":"javax.swing.Icon","name":"icon","comment":"","type_short":"Icon"},{"type_long":"java.lang.String","name":"toolBarGroup","comment":"","type_short":"String"}],"throws":[],"return":{"type_long":"void","comment":"","type_short":"void"}},{"javadoc":"","static":false,"name":"<init>","comment":"","params":[{"type_long":"javax.swing.Icon","name":"icon","comment":"","type_short":"Icon"},{"type_long":"java.lang.String","name":"toolBarGroup","comment":"","type_short":"String"},{"type_long":"java.lang.String","name":"toolBarSubGroup","comment":"","type_short":"String"}],"throws":[],"return":{"type_long":"void","comment":"","type_short":"void"}},{"javadoc":"Returns the toolbar icon assigned to this toolbar data.\n@return the icon","static":false,"name":"getIcon","comment":"Returns the toolbar icon assigned to this toolbar data.","params":[],"throws":[],"return":{"type_long":"javax.swing.Icon","comment":"the icon","type_short":"Icon"}},{"javadoc":"Returns the group of this toolbar data.  Actions belonging to the same group will appear\n next to each other.\n@return the group","static":false,"name":"getToolBarGroup","comment":"Returns the group of this toolbar data.  Actions belonging to the same group will appear\n next to each other.","params":[],"throws":[],"return":{"type_long":"java.lang.String","comment":"the group","type_short":"String"}},{"javadoc":"Returns the subgroup string.  This string is used to sort items within a \n {@link #getToolBarGroup() toolbar group}.  This value is not required.  If not specified, \n then the value will effectively place this item at the end of its specified group.\n@return the subgroup","static":false,"name":"getToolBarSubGroup","comment":"Returns the subgroup string.  This string is used to sort items within a \n #getToolBarGroup().  This value is not required.  If not specified, \n then the value will effectively place this item at the end of its specified group.","params":[],"throws":[],"return":{"type_long":"java.lang.String","comment":"the subgroup","type_short":"String"}},{"javadoc":"","static":false,"name":"setIcon","comment":"","params":[{"type_long":"javax.swing.Icon","name":"newIcon","comment":"","type_short":"Icon"}],"throws":[],"return":{"type_long":"void","comment":"","type_short":"void"}},{"javadoc":"","static":false,"name":"setToolBarGroup","comment":"","params":[{"type_long":"java.lang.String","name":"newGroup","comment":"","type_short":"String"}],"throws":[],"return":{"type_long":"void","comment":"","type_short":"void"}},{"javadoc":"","static":false,"name":"setToolBarSubGroup","comment":"","params":[{"type_long":"java.lang.String","name":"newSubGroup","comment":"","type_short":"String"}],"throws":[],"return":{"type_long":"void","comment":"","type_short":"void"}}],"name":"ToolBarData","comment":"","fields":[]}
