{"implements":["java.beans.PropertyChangeListener"],"javadoc":"An class to manage actions registered with the tool","static":false,"extends":"java.lang.Object","methods":[{"javadoc":"Construct an ActionManager.\n@param tool tool using this ActionManager\n@param windowManager manager of the \"Docking\" arrangement of a set of components \n        and actions in the tool","static":false,"name":"<init>","comment":"Construct an ActionManager.","params":[{"type_long":"docking.DockingTool","name":"tool","comment":"tool using this ActionManager","type_short":"DockingTool"},{"type_long":"docking.DockingWindowManager","name":"windowManager","comment":"manager of the \"Docking\" arrangement of a set of components \n        and actions in the tool","type_short":"DockingWindowManager"}],"throws":[],"return":{"type_long":"void","comment":"","type_short":"void"}},{"javadoc":"","static":false,"name":"dispose","comment":"","params":[],"throws":[],"return":{"type_long":"void","comment":"","type_short":"void"}},{"javadoc":"Adds the action to the tool.\n@param action the action to be added.","static":false,"name":"addToolAction","comment":"Adds the action to the tool.","params":[{"type_long":"docking.action.DockingActionIf","name":"action","comment":"the action to be added.","type_short":"DockingActionIf"}],"throws":[],"return":{"type_long":"void","comment":"","type_short":"void"}},{"javadoc":"Removes the given action from the tool\n@param action the action to be removed.","static":false,"name":"removeToolAction","comment":"Removes the given action from the tool","params":[{"type_long":"docking.action.DockingActionIf","name":"action","comment":"the action to be removed.","type_short":"DockingActionIf"}],"throws":[],"return":{"type_long":"void","comment":"","type_short":"void"}},{"javadoc":"Remove all actions that have the given owner.\n@param owner owner of the actions to remove","static":false,"name":"removeToolActions","comment":"Remove all actions that have the given owner.","params":[{"type_long":"java.lang.String","name":"owner","comment":"owner of the actions to remove","type_short":"String"}],"throws":[],"return":{"type_long":"void","comment":"","type_short":"void"}},{"javadoc":"Add an action that works specifically with a component provider.\n@param provider provider associated with the action\n@param action local action to the provider","static":false,"name":"addLocalAction","comment":"Add an action that works specifically with a component provider.","params":[{"type_long":"docking.ComponentProvider","name":"provider","comment":"provider associated with the action","type_short":"ComponentProvider"},{"type_long":"docking.action.DockingActionIf","name":"action","comment":"local action to the provider","type_short":"DockingActionIf"}],"throws":[],"return":{"type_long":"void","comment":"","type_short":"void"}},{"javadoc":"Remove an action that works specifically with a component provider.\n@param provider provider associated with the action\n@param action local action to the provider","static":false,"name":"removeProviderAction","comment":"Remove an action that works specifically with a component provider.","params":[{"type_long":"docking.ComponentProvider","name":"provider","comment":"provider associated with the action","type_short":"ComponentProvider"},{"type_long":"docking.action.DockingActionIf","name":"action","comment":"local action to the provider","type_short":"DockingActionIf"}],"throws":[],"return":{"type_long":"void","comment":"","type_short":"void"}},{"javadoc":"Get all actions that have the action name which includes the action owner's name.\n@param fullName full name for the action, e.g., \"My Action (My Plugin)\"\n@return list of actions; empty if no action exists with the given name","static":false,"name":"getDockingActionsByFullActionName","comment":"Get all actions that have the action name which includes the action owner's name.","params":[{"type_long":"java.lang.String","name":"fullActionName","comment":"","type_short":"String"}],"throws":[],"return":{"type_long":"java.util.List<docking.action.DockingActionIf>","comment":"list of actions; empty if no action exists with the given name","type_short":"List"}},{"javadoc":"Get all actions for the given owner.\n@param owner owner of the actions\n@return array of actions; zero length array is returned if no\n action exists with the given name","static":false,"name":"getActions","comment":"Get all actions for the given owner.","params":[{"type_long":"java.lang.String","name":"owner","comment":"owner of the actions","type_short":"String"}],"throws":[],"return":{"type_long":"java.util.List<docking.action.DockingActionIf>","comment":"array of actions; zero length array is returned if no\n action exists with the given name","type_short":"List"}},{"javadoc":"Get a list of all actions in the tool.\n@return list of PluginAction objects","static":false,"name":"getAllActions","comment":"Get a list of all actions in the tool.","params":[],"throws":[],"return":{"type_long":"java.util.List<docking.action.DockingActionIf>","comment":"list of PluginAction objects","type_short":"List"}},{"javadoc":"Get the keybindings for each action so that they are still registered\n as being used; otherwise the options will be removed because they\n are noted as not being used.","static":false,"name":"restoreKeyBindings","comment":"Get the keybindings for each action so that they are still registered\n as being used; otherwise the options will be removed because they\n are noted as not being used.","params":[],"throws":[],"return":{"type_long":"void","comment":"","type_short":"void"}},{"javadoc":"Get the actions for the given provider and remove them from the\n actionMap; call the window manager to remove the provider.\n@param provider provider to be removed","static":false,"name":"removeComponent","comment":"Get the actions for the given provider and remove them from the\n actionMap; call the window manager to remove the provider.","params":[{"type_long":"docking.ComponentProvider","name":"provider","comment":"provider to be removed","type_short":"ComponentProvider"}],"throws":[],"return":{"type_long":"void","comment":"","type_short":"void"}},{"javadoc":"","static":false,"name":"propertyChange","comment":"","params":[{"type_long":"java.beans.PropertyChangeEvent","name":"evt","comment":"","type_short":"PropertyChangeEvent"}],"throws":[],"return":{"type_long":"void","comment":"","type_short":"void"}}],"name":"DockingToolActionManager","comment":"An class to manage actions registered with the tool","fields":[]}
