{"implements":[],"javadoc":"","static":true,"extends":"java.lang.Object","methods":[{"javadoc":"","static":false,"name":"<init>","comment":"","params":[],"throws":[],"return":{"type_long":"void","comment":"","type_short":"void"}},{"javadoc":"","static":true,"name":"tabulate","comment":"","params":[{"type_long":"javax.swing.JMenuItem","name":"c","comment":"","type_short":"JMenuItem"}],"throws":[],"return":{"type_long":"docking.menu.DockingMenuItemUI.MenuTabulator","comment":"","type_short":"MenuTabulator"}},{"javadoc":"","static":true,"name":"get","comment":"","params":[{"type_long":"javax.swing.JMenuItem","name":"c","comment":"","type_short":"JMenuItem"}],"throws":[],"return":{"type_long":"docking.menu.DockingMenuItemUI.MenuTabulator","comment":"","type_short":"MenuTabulator"}},{"javadoc":"","static":false,"name":"tabulate","comment":"","params":[{"type_long":"javax.swing.JComponent","name":"c","comment":"","type_short":"JComponent"},{"type_long":"java.lang.String","name":"tabularText","comment":"","type_short":"String"}],"throws":[],"return":{"type_long":"void","comment":"","type_short":"void"}},{"javadoc":"","static":false,"name":"getWidth","comment":"","params":[],"throws":[],"return":{"type_long":"int","comment":"","type_short":"int"}}],"name":"MenuTabulator","comment":"","fields":[]}
