{"implements":[],"javadoc":"","static":true,"extends":"java.awt.Graphics2D","methods":[{"javadoc":"","static":false,"name":"<init>","comment":"","params":[{"type_long":"java.awt.Graphics2D","name":"g","comment":"","type_short":"Graphics2D"}],"throws":[],"return":{"type_long":"void","comment":"","type_short":"void"}},{"javadoc":"","static":false,"name":"setDoDraw","comment":"","params":[{"type_long":"boolean","name":"doDraw","comment":"","type_short":"boolean"}],"throws":[],"return":{"type_long":"void","comment":"","type_short":"void"}},{"javadoc":"","static":false,"name":"setDoFill","comment":"","params":[{"type_long":"boolean","name":"doFill","comment":"","type_short":"boolean"}],"throws":[],"return":{"type_long":"void","comment":"","type_short":"void"}},{"javadoc":"","static":false,"name":"setDoText","comment":"","params":[{"type_long":"boolean","name":"doText","comment":"","type_short":"boolean"}],"throws":[],"return":{"type_long":"void","comment":"","type_short":"void"}},{"javadoc":"","static":false,"name":"setDoImage","comment":"","params":[{"type_long":"boolean","name":"doImage","comment":"","type_short":"boolean"}],"throws":[],"return":{"type_long":"void","comment":"","type_short":"void"}},{"javadoc":"","static":false,"name":"create","comment":"","params":[],"throws":[],"return":{"type_long":"java.awt.Graphics","comment":"","type_short":"Graphics"}},{"javadoc":"","static":false,"name":"create","comment":"","params":[{"type_long":"int","name":"x","comment":"","type_short":"int"},{"type_long":"int","name":"y","comment":"","type_short":"int"},{"type_long":"int","name":"width","comment":"","type_short":"int"},{"type_long":"int","name":"height","comment":"","type_short":"int"}],"throws":[],"return":{"type_long":"java.awt.Graphics","comment":"","type_short":"Graphics"}},{"javadoc":"","static":false,"name":"drawLine","comment":"","params":[{"type_long":"int","name":"x1","comment":"","type_short":"int"},{"type_long":"int","name":"y1","comment":"","type_short":"int"},{"type_long":"int","name":"x2","comment":"","type_short":"int"},{"type_long":"int","name":"y2","comment":"","type_short":"int"}],"throws":[],"return":{"type_long":"void","comment":"","type_short":"void"}},{"javadoc":"","static":false,"name":"fillRect","comment":"","params":[{"type_long":"int","name":"x","comment":"","type_short":"int"},{"type_long":"int","name":"y","comment":"","type_short":"int"},{"type_long":"int","name":"width","comment":"","type_short":"int"},{"type_long":"int","name":"height","comment":"","type_short":"int"}],"throws":[],"return":{"type_long":"void","comment":"","type_short":"void"}},{"javadoc":"","static":false,"name":"clearRect","comment":"","params":[{"type_long":"int","name":"x","comment":"","type_short":"int"},{"type_long":"int","name":"y","comment":"","type_short":"int"},{"type_long":"int","name":"width","comment":"","type_short":"int"},{"type_long":"int","name":"height","comment":"","type_short":"int"}],"throws":[],"return":{"type_long":"void","comment":"","type_short":"void"}},{"javadoc":"","static":false,"name":"drawRoundRect","comment":"","params":[{"type_long":"int","name":"x","comment":"","type_short":"int"},{"type_long":"int","name":"y","comment":"","type_short":"int"},{"type_long":"int","name":"width","comment":"","type_short":"int"},{"type_long":"int","name":"height","comment":"","type_short":"int"},{"type_long":"int","name":"arcWidth","comment":"","type_short":"int"},{"type_long":"int","name":"arcHeight","comment":"","type_short":"int"}],"throws":[],"return":{"type_long":"void","comment":"","type_short":"void"}},{"javadoc":"","static":false,"name":"fillRoundRect","comment":"","params":[{"type_long":"int","name":"x","comment":"","type_short":"int"},{"type_long":"int","name":"y","comment":"","type_short":"int"},{"type_long":"int","name":"width","comment":"","type_short":"int"},{"type_long":"int","name":"height","comment":"","type_short":"int"},{"type_long":"int","name":"arcWidth","comment":"","type_short":"int"},{"type_long":"int","name":"arcHeight","comment":"","type_short":"int"}],"throws":[],"return":{"type_long":"void","comment":"","type_short":"void"}},{"javadoc":"","static":false,"name":"drawOval","comment":"","params":[{"type_long":"int","name":"x","comment":"","type_short":"int"},{"type_long":"int","name":"y","comment":"","type_short":"int"},{"type_long":"int","name":"width","comment":"","type_short":"int"},{"type_long":"int","name":"height","comment":"","type_short":"int"}],"throws":[],"return":{"type_long":"void","comment":"","type_short":"void"}},{"javadoc":"","static":false,"name":"fillOval","comment":"","params":[{"type_long":"int","name":"x","comment":"","type_short":"int"},{"type_long":"int","name":"y","comment":"","type_short":"int"},{"type_long":"int","name":"width","comment":"","type_short":"int"},{"type_long":"int","name":"height","comment":"","type_short":"int"}],"throws":[],"return":{"type_long":"void","comment":"","type_short":"void"}},{"javadoc":"","static":false,"name":"drawArc","comment":"","params":[{"type_long":"int","name":"x","comment":"","type_short":"int"},{"type_long":"int","name":"y","comment":"","type_short":"int"},{"type_long":"int","name":"width","comment":"","type_short":"int"},{"type_long":"int","name":"height","comment":"","type_short":"int"},{"type_long":"int","name":"startAngle","comment":"","type_short":"int"},{"type_long":"int","name":"arcAngle","comment":"","type_short":"int"}],"throws":[],"return":{"type_long":"void","comment":"","type_short":"void"}},{"javadoc":"","static":false,"name":"fillArc","comment":"","params":[{"type_long":"int","name":"x","comment":"","type_short":"int"},{"type_long":"int","name":"y","comment":"","type_short":"int"},{"type_long":"int","name":"width","comment":"","type_short":"int"},{"type_long":"int","name":"height","comment":"","type_short":"int"},{"type_long":"int","name":"startAngle","comment":"","type_short":"int"},{"type_long":"int","name":"arcAngle","comment":"","type_short":"int"}],"throws":[],"return":{"type_long":"void","comment":"","type_short":"void"}},{"javadoc":"","static":false,"name":"drawPolyline","comment":"","params":[{"type_long":"int[]","name":"xPoints","comment":"","type_short":"int[]"},{"type_long":"int[]","name":"yPoints","comment":"","type_short":"int[]"},{"type_long":"int","name":"nPoints","comment":"","type_short":"int"}],"throws":[],"return":{"type_long":"void","comment":"","type_short":"void"}},{"javadoc":"","static":false,"name":"drawPolygon","comment":"","params":[{"type_long":"int[]","name":"xPoints","comment":"","type_short":"int[]"},{"type_long":"int[]","name":"yPoints","comment":"","type_short":"int[]"},{"type_long":"int","name":"nPoints","comment":"","type_short":"int"}],"throws":[],"return":{"type_long":"void","comment":"","type_short":"void"}},{"javadoc":"","static":false,"name":"fillPolygon","comment":"","params":[{"type_long":"int[]","name":"xPoints","comment":"","type_short":"int[]"},{"type_long":"int[]","name":"yPoints","comment":"","type_short":"int[]"},{"type_long":"int","name":"nPoints","comment":"","type_short":"int"}],"throws":[],"return":{"type_long":"void","comment":"","type_short":"void"}},{"javadoc":"","static":false,"name":"drawString","comment":"","params":[{"type_long":"java.lang.String","name":"str","comment":"","type_short":"String"},{"type_long":"int","name":"x","comment":"","type_short":"int"},{"type_long":"int","name":"y","comment":"","type_short":"int"}],"throws":[],"return":{"type_long":"void","comment":"","type_short":"void"}},{"javadoc":"","static":false,"name":"drawString","comment":"","params":[{"type_long":"java.text.AttributedCharacterIterator","name":"iterator","comment":"","type_short":"AttributedCharacterIterator"},{"type_long":"int","name":"x","comment":"","type_short":"int"},{"type_long":"int","name":"y","comment":"","type_short":"int"}],"throws":[],"return":{"type_long":"void","comment":"","type_short":"void"}},{"javadoc":"","static":false,"name":"drawImage","comment":"","params":[{"type_long":"java.awt.Image","name":"img","comment":"","type_short":"Image"},{"type_long":"int","name":"x","comment":"","type_short":"int"},{"type_long":"int","name":"y","comment":"","type_short":"int"},{"type_long":"java.awt.image.ImageObserver","name":"observer","comment":"","type_short":"ImageObserver"}],"throws":[],"return":{"type_long":"boolean","comment":"","type_short":"boolean"}},{"javadoc":"","static":false,"name":"drawImage","comment":"","params":[{"type_long":"java.awt.Image","name":"img","comment":"","type_short":"Image"},{"type_long":"int","name":"x","comment":"","type_short":"int"},{"type_long":"int","name":"y","comment":"","type_short":"int"},{"type_long":"int","name":"width","comment":"","type_short":"int"},{"type_long":"int","name":"height","comment":"","type_short":"int"},{"type_long":"java.awt.image.ImageObserver","name":"observer","comment":"","type_short":"ImageObserver"}],"throws":[],"return":{"type_long":"boolean","comment":"","type_short":"boolean"}},{"javadoc":"","static":false,"name":"drawImage","comment":"","params":[{"type_long":"java.awt.Image","name":"img","comment":"","type_short":"Image"},{"type_long":"int","name":"x","comment":"","type_short":"int"},{"type_long":"int","name":"y","comment":"","type_short":"int"},{"type_long":"java.awt.Color","name":"bgcolor","comment":"","type_short":"Color"},{"type_long":"java.awt.image.ImageObserver","name":"observer","comment":"","type_short":"ImageObserver"}],"throws":[],"return":{"type_long":"boolean","comment":"","type_short":"boolean"}},{"javadoc":"","static":false,"name":"drawImage","comment":"","params":[{"type_long":"java.awt.Image","name":"img","comment":"","type_short":"Image"},{"type_long":"int","name":"x","comment":"","type_short":"int"},{"type_long":"int","name":"y","comment":"","type_short":"int"},{"type_long":"int","name":"width","comment":"","type_short":"int"},{"type_long":"int","name":"height","comment":"","type_short":"int"},{"type_long":"java.awt.Color","name":"bgcolor","comment":"","type_short":"Color"},{"type_long":"java.awt.image.ImageObserver","name":"observer","comment":"","type_short":"ImageObserver"}],"throws":[],"return":{"type_long":"boolean","comment":"","type_short":"boolean"}},{"javadoc":"","static":false,"name":"drawImage","comment":"","params":[{"type_long":"java.awt.Image","name":"img","comment":"","type_short":"Image"},{"type_long":"int","name":"dx1","comment":"","type_short":"int"},{"type_long":"int","name":"dy1","comment":"","type_short":"int"},{"type_long":"int","name":"dx2","comment":"","type_short":"int"},{"type_long":"int","name":"dy2","comment":"","type_short":"int"},{"type_long":"int","name":"sx1","comment":"","type_short":"int"},{"type_long":"int","name":"sy1","comment":"","type_short":"int"},{"type_long":"int","name":"sx2","comment":"","type_short":"int"},{"type_long":"int","name":"sy2","comment":"","type_short":"int"},{"type_long":"java.awt.image.ImageObserver","name":"observer","comment":"","type_short":"ImageObserver"}],"throws":[],"return":{"type_long":"boolean","comment":"","type_short":"boolean"}},{"javadoc":"","static":false,"name":"drawImage","comment":"","params":[{"type_long":"java.awt.Image","name":"img","comment":"","type_short":"Image"},{"type_long":"int","name":"dx1","comment":"","type_short":"int"},{"type_long":"int","name":"dy1","comment":"","type_short":"int"},{"type_long":"int","name":"dx2","comment":"","type_short":"int"},{"type_long":"int","name":"dy2","comment":"","type_short":"int"},{"type_long":"int","name":"sx1","comment":"","type_short":"int"},{"type_long":"int","name":"sy1","comment":"","type_short":"int"},{"type_long":"int","name":"sx2","comment":"","type_short":"int"},{"type_long":"int","name":"sy2","comment":"","type_short":"int"},{"type_long":"java.awt.Color","name":"bgcolor","comment":"","type_short":"Color"},{"type_long":"java.awt.image.ImageObserver","name":"observer","comment":"","type_short":"ImageObserver"}],"throws":[],"return":{"type_long":"boolean","comment":"","type_short":"boolean"}},{"javadoc":"","static":false,"name":"translate","comment":"","params":[{"type_long":"int","name":"x","comment":"","type_short":"int"},{"type_long":"int","name":"y","comment":"","type_short":"int"}],"throws":[],"return":{"type_long":"void","comment":"","type_short":"void"}},{"javadoc":"","static":false,"name":"getColor","comment":"","params":[],"throws":[],"return":{"type_long":"java.awt.Color","comment":"","type_short":"Color"}},{"javadoc":"","static":false,"name":"setColor","comment":"","params":[{"type_long":"java.awt.Color","name":"c","comment":"","type_short":"Color"}],"throws":[],"return":{"type_long":"void","comment":"","type_short":"void"}},{"javadoc":"","static":false,"name":"setPaintMode","comment":"","params":[],"throws":[],"return":{"type_long":"void","comment":"","type_short":"void"}},{"javadoc":"","static":false,"name":"setXORMode","comment":"","params":[{"type_long":"java.awt.Color","name":"c1","comment":"","type_short":"Color"}],"throws":[],"return":{"type_long":"void","comment":"","type_short":"void"}},{"javadoc":"","static":false,"name":"getFont","comment":"","params":[],"throws":[],"return":{"type_long":"java.awt.Font","comment":"","type_short":"Font"}},{"javadoc":"","static":false,"name":"setFont","comment":"","params":[{"type_long":"java.awt.Font","name":"font","comment":"","type_short":"Font"}],"throws":[],"return":{"type_long":"void","comment":"","type_short":"void"}},{"javadoc":"","static":false,"name":"getFontMetrics","comment":"","params":[{"type_long":"java.awt.Font","name":"f","comment":"","type_short":"Font"}],"throws":[],"return":{"type_long":"java.awt.FontMetrics","comment":"","type_short":"FontMetrics"}},{"javadoc":"","static":false,"name":"getClipBounds","comment":"","params":[],"throws":[],"return":{"type_long":"java.awt.Rectangle","comment":"","type_short":"Rectangle"}},{"javadoc":"","static":false,"name":"clipRect","comment":"","params":[{"type_long":"int","name":"x","comment":"","type_short":"int"},{"type_long":"int","name":"y","comment":"","type_short":"int"},{"type_long":"int","name":"width","comment":"","type_short":"int"},{"type_long":"int","name":"height","comment":"","type_short":"int"}],"throws":[],"return":{"type_long":"void","comment":"","type_short":"void"}},{"javadoc":"","static":false,"name":"setClip","comment":"","params":[{"type_long":"int","name":"x","comment":"","type_short":"int"},{"type_long":"int","name":"y","comment":"","type_short":"int"},{"type_long":"int","name":"width","comment":"","type_short":"int"},{"type_long":"int","name":"height","comment":"","type_short":"int"}],"throws":[],"return":{"type_long":"void","comment":"","type_short":"void"}},{"javadoc":"","static":false,"name":"getClip","comment":"","params":[],"throws":[],"return":{"type_long":"java.awt.Shape","comment":"","type_short":"Shape"}},{"javadoc":"","static":false,"name":"setClip","comment":"","params":[{"type_long":"java.awt.Shape","name":"clip","comment":"","type_short":"Shape"}],"throws":[],"return":{"type_long":"void","comment":"","type_short":"void"}},{"javadoc":"","static":false,"name":"copyArea","comment":"","params":[{"type_long":"int","name":"x","comment":"","type_short":"int"},{"type_long":"int","name":"y","comment":"","type_short":"int"},{"type_long":"int","name":"width","comment":"","type_short":"int"},{"type_long":"int","name":"height","comment":"","type_short":"int"},{"type_long":"int","name":"dx","comment":"","type_short":"int"},{"type_long":"int","name":"dy","comment":"","type_short":"int"}],"throws":[],"return":{"type_long":"void","comment":"","type_short":"void"}},{"javadoc":"","static":false,"name":"dispose","comment":"","params":[],"throws":[],"return":{"type_long":"void","comment":"","type_short":"void"}},{"javadoc":"","static":false,"name":"draw","comment":"","params":[{"type_long":"java.awt.Shape","name":"s","comment":"","type_short":"Shape"}],"throws":[],"return":{"type_long":"void","comment":"","type_short":"void"}},{"javadoc":"","static":false,"name":"drawImage","comment":"","params":[{"type_long":"java.awt.Image","name":"img","comment":"","type_short":"Image"},{"type_long":"java.awt.geom.AffineTransform","name":"xform","comment":"","type_short":"AffineTransform"},{"type_long":"java.awt.image.ImageObserver","name":"obs","comment":"","type_short":"ImageObserver"}],"throws":[],"return":{"type_long":"boolean","comment":"","type_short":"boolean"}},{"javadoc":"","static":false,"name":"drawImage","comment":"","params":[{"type_long":"java.awt.image.BufferedImage","name":"img","comment":"","type_short":"BufferedImage"},{"type_long":"java.awt.image.BufferedImageOp","name":"op","comment":"","type_short":"BufferedImageOp"},{"type_long":"int","name":"x","comment":"","type_short":"int"},{"type_long":"int","name":"y","comment":"","type_short":"int"}],"throws":[],"return":{"type_long":"void","comment":"","type_short":"void"}},{"javadoc":"","static":false,"name":"drawRenderedImage","comment":"","params":[{"type_long":"java.awt.image.RenderedImage","name":"img","comment":"","type_short":"RenderedImage"},{"type_long":"java.awt.geom.AffineTransform","name":"xform","comment":"","type_short":"AffineTransform"}],"throws":[],"return":{"type_long":"void","comment":"","type_short":"void"}},{"javadoc":"","static":false,"name":"drawRenderableImage","comment":"","params":[{"type_long":"java.awt.image.renderable.RenderableImage","name":"img","comment":"","type_short":"RenderableImage"},{"type_long":"java.awt.geom.AffineTransform","name":"xform","comment":"","type_short":"AffineTransform"}],"throws":[],"return":{"type_long":"void","comment":"","type_short":"void"}},{"javadoc":"","static":false,"name":"drawString","comment":"","params":[{"type_long":"java.lang.String","name":"str","comment":"","type_short":"String"},{"type_long":"float","name":"x","comment":"","type_short":"float"},{"type_long":"float","name":"y","comment":"","type_short":"float"}],"throws":[],"return":{"type_long":"void","comment":"","type_short":"void"}},{"javadoc":"","static":false,"name":"drawString","comment":"","params":[{"type_long":"java.text.AttributedCharacterIterator","name":"iterator","comment":"","type_short":"AttributedCharacterIterator"},{"type_long":"float","name":"x","comment":"","type_short":"float"},{"type_long":"float","name":"y","comment":"","type_short":"float"}],"throws":[],"return":{"type_long":"void","comment":"","type_short":"void"}},{"javadoc":"","static":false,"name":"drawGlyphVector","comment":"","params":[{"type_long":"java.awt.font.GlyphVector","name":"gv","comment":"","type_short":"GlyphVector"},{"type_long":"float","name":"x","comment":"","type_short":"float"},{"type_long":"float","name":"y","comment":"","type_short":"float"}],"throws":[],"return":{"type_long":"void","comment":"","type_short":"void"}},{"javadoc":"","static":false,"name":"fill","comment":"","params":[{"type_long":"java.awt.Shape","name":"s","comment":"","type_short":"Shape"}],"throws":[],"return":{"type_long":"void","comment":"","type_short":"void"}},{"javadoc":"","static":false,"name":"hit","comment":"","params":[{"type_long":"java.awt.Rectangle","name":"rect","comment":"","type_short":"Rectangle"},{"type_long":"java.awt.Shape","name":"s","comment":"","type_short":"Shape"},{"type_long":"boolean","name":"onStroke","comment":"","type_short":"boolean"}],"throws":[],"return":{"type_long":"boolean","comment":"","type_short":"boolean"}},{"javadoc":"","static":false,"name":"getDeviceConfiguration","comment":"","params":[],"throws":[],"return":{"type_long":"java.awt.GraphicsConfiguration","comment":"","type_short":"GraphicsConfiguration"}},{"javadoc":"","static":false,"name":"setComposite","comment":"","params":[{"type_long":"java.awt.Composite","name":"comp","comment":"","type_short":"Composite"}],"throws":[],"return":{"type_long":"void","comment":"","type_short":"void"}},{"javadoc":"","static":false,"name":"setPaint","comment":"","params":[{"type_long":"java.awt.Paint","name":"paint","comment":"","type_short":"Paint"}],"throws":[],"return":{"type_long":"void","comment":"","type_short":"void"}},{"javadoc":"","static":false,"name":"setStroke","comment":"","params":[{"type_long":"java.awt.Stroke","name":"s","comment":"","type_short":"Stroke"}],"throws":[],"return":{"type_long":"void","comment":"","type_short":"void"}},{"javadoc":"","static":false,"name":"setRenderingHint","comment":"","params":[{"type_long":"java.awt.RenderingHints.Key","name":"hintKey","comment":"","type_short":"Key"},{"type_long":"java.lang.Object","name":"hintValue","comment":"","type_short":"Object"}],"throws":[],"return":{"type_long":"void","comment":"","type_short":"void"}},{"javadoc":"","static":false,"name":"getRenderingHint","comment":"","params":[{"type_long":"java.awt.RenderingHints.Key","name":"hintKey","comment":"","type_short":"Key"}],"throws":[],"return":{"type_long":"java.lang.Object","comment":"","type_short":"Object"}},{"javadoc":"","static":false,"name":"setRenderingHints","comment":"","params":[{"type_long":"java.util.Map<?,?>","name":"hints","comment":"","type_short":"Map"}],"throws":[],"return":{"type_long":"void","comment":"","type_short":"void"}},{"javadoc":"","static":false,"name":"addRenderingHints","comment":"","params":[{"type_long":"java.util.Map<?,?>","name":"hints","comment":"","type_short":"Map"}],"throws":[],"return":{"type_long":"void","comment":"","type_short":"void"}},{"javadoc":"","static":false,"name":"getRenderingHints","comment":"","params":[],"throws":[],"return":{"type_long":"java.awt.RenderingHints","comment":"","type_short":"RenderingHints"}},{"javadoc":"","static":false,"name":"translate","comment":"","params":[{"type_long":"double","name":"tx","comment":"","type_short":"double"},{"type_long":"double","name":"ty","comment":"","type_short":"double"}],"throws":[],"return":{"type_long":"void","comment":"","type_short":"void"}},{"javadoc":"","static":false,"name":"rotate","comment":"","params":[{"type_long":"double","name":"theta","comment":"","type_short":"double"}],"throws":[],"return":{"type_long":"void","comment":"","type_short":"void"}},{"javadoc":"","static":false,"name":"rotate","comment":"","params":[{"type_long":"double","name":"theta","comment":"","type_short":"double"},{"type_long":"double","name":"x","comment":"","type_short":"double"},{"type_long":"double","name":"y","comment":"","type_short":"double"}],"throws":[],"return":{"type_long":"void","comment":"","type_short":"void"}},{"javadoc":"","static":false,"name":"scale","comment":"","params":[{"type_long":"double","name":"sx","comment":"","type_short":"double"},{"type_long":"double","name":"sy","comment":"","type_short":"double"}],"throws":[],"return":{"type_long":"void","comment":"","type_short":"void"}},{"javadoc":"","static":false,"name":"shear","comment":"","params":[{"type_long":"double","name":"shx","comment":"","type_short":"double"},{"type_long":"double","name":"shy","comment":"","type_short":"double"}],"throws":[],"return":{"type_long":"void","comment":"","type_short":"void"}},{"javadoc":"","static":false,"name":"transform","comment":"","params":[{"type_long":"java.awt.geom.AffineTransform","name":"Tx","comment":"","type_short":"AffineTransform"}],"throws":[],"return":{"type_long":"void","comment":"","type_short":"void"}},{"javadoc":"","static":false,"name":"setTransform","comment":"","params":[{"type_long":"java.awt.geom.AffineTransform","name":"Tx","comment":"","type_short":"AffineTransform"}],"throws":[],"return":{"type_long":"void","comment":"","type_short":"void"}},{"javadoc":"","static":false,"name":"getTransform","comment":"","params":[],"throws":[],"return":{"type_long":"java.awt.geom.AffineTransform","comment":"","type_short":"AffineTransform"}},{"javadoc":"","static":false,"name":"getPaint","comment":"","params":[],"throws":[],"return":{"type_long":"java.awt.Paint","comment":"","type_short":"Paint"}},{"javadoc":"","static":false,"name":"getComposite","comment":"","params":[],"throws":[],"return":{"type_long":"java.awt.Composite","comment":"","type_short":"Composite"}},{"javadoc":"","static":false,"name":"setBackground","comment":"","params":[{"type_long":"java.awt.Color","name":"color","comment":"","type_short":"Color"}],"throws":[],"return":{"type_long":"void","comment":"","type_short":"void"}},{"javadoc":"","static":false,"name":"getBackground","comment":"","params":[],"throws":[],"return":{"type_long":"java.awt.Color","comment":"","type_short":"Color"}},{"javadoc":"","static":false,"name":"getStroke","comment":"","params":[],"throws":[],"return":{"type_long":"java.awt.Stroke","comment":"","type_short":"Stroke"}},{"javadoc":"","static":false,"name":"clip","comment":"","params":[{"type_long":"java.awt.Shape","name":"s","comment":"","type_short":"Shape"}],"throws":[],"return":{"type_long":"void","comment":"","type_short":"void"}},{"javadoc":"","static":false,"name":"getFontRenderContext","comment":"","params":[],"throws":[],"return":{"type_long":"java.awt.font.FontRenderContext","comment":"","type_short":"FontRenderContext"}}],"name":"SwitchGraphics2D","comment":"","fields":[]}
