{"implements":["docking.DockingTool"],"javadoc":"A partial implementation of {@link DockingTool} that serves as a place to share common \n functionality","static":false,"extends":"java.lang.Object","methods":[{"javadoc":"","static":false,"name":"<init>","comment":"","params":[],"throws":[],"return":{"type_long":"void","comment":"","type_short":"void"}},{"javadoc":"","static":false,"name":"isVisible","comment":"","params":[],"throws":[],"return":{"type_long":"boolean","comment":"","type_short":"boolean"}},{"javadoc":"","static":false,"name":"setVisible","comment":"","params":[{"type_long":"boolean","name":"visibility","comment":"","type_short":"boolean"}],"throws":[],"return":{"type_long":"void","comment":"","type_short":"void"}},{"javadoc":"","static":false,"name":"toFront","comment":"","params":[],"throws":[],"return":{"type_long":"void","comment":"","type_short":"void"}},{"javadoc":"","static":false,"name":"addComponentProvider","comment":"","params":[{"type_long":"docking.ComponentProvider","name":"provider","comment":"","type_short":"ComponentProvider"},{"type_long":"boolean","name":"show","comment":"","type_short":"boolean"}],"throws":[],"return":{"type_long":"void","comment":"","type_short":"void"}},{"javadoc":"","static":false,"name":"removeComponentProvider","comment":"","params":[{"type_long":"docking.ComponentProvider","name":"provider","comment":"","type_short":"ComponentProvider"}],"throws":[],"return":{"type_long":"void","comment":"","type_short":"void"}},{"javadoc":"","static":false,"name":"getComponentProvider","comment":"","params":[{"type_long":"java.lang.String","name":"name","comment":"","type_short":"String"}],"throws":[],"return":{"type_long":"docking.ComponentProvider","comment":"","type_short":"ComponentProvider"}},{"javadoc":"","static":false,"name":"setStatusInfo","comment":"","params":[{"type_long":"java.lang.String","name":"text","comment":"","type_short":"String"}],"throws":[],"return":{"type_long":"void","comment":"","type_short":"void"}},{"javadoc":"","static":false,"name":"addAction","comment":"","params":[{"type_long":"docking.action.DockingActionIf","name":"action","comment":"","type_short":"DockingActionIf"}],"throws":[],"return":{"type_long":"void","comment":"","type_short":"void"}},{"javadoc":"","static":false,"name":"removeAction","comment":"","params":[{"type_long":"docking.action.DockingActionIf","name":"action","comment":"","type_short":"DockingActionIf"}],"throws":[],"return":{"type_long":"void","comment":"","type_short":"void"}},{"javadoc":"","static":false,"name":"addLocalAction","comment":"","params":[{"type_long":"docking.ComponentProvider","name":"provider","comment":"","type_short":"ComponentProvider"},{"type_long":"docking.action.DockingActionIf","name":"action","comment":"","type_short":"DockingActionIf"}],"throws":[],"return":{"type_long":"void","comment":"","type_short":"void"}},{"javadoc":"","static":false,"name":"removeLocalAction","comment":"","params":[{"type_long":"docking.ComponentProvider","name":"provider","comment":"","type_short":"ComponentProvider"},{"type_long":"docking.action.DockingActionIf","name":"action","comment":"","type_short":"DockingActionIf"}],"throws":[],"return":{"type_long":"void","comment":"","type_short":"void"}},{"javadoc":"","static":false,"name":"getAllActions","comment":"","params":[],"throws":[],"return":{"type_long":"java.util.List<docking.action.DockingActionIf>","comment":"","type_short":"List"}},{"javadoc":"","static":false,"name":"getDockingActionsByOwnerName","comment":"","params":[{"type_long":"java.lang.String","name":"owner","comment":"","type_short":"String"}],"throws":[],"return":{"type_long":"java.util.List<docking.action.DockingActionIf>","comment":"","type_short":"List"}},{"javadoc":"","static":false,"name":"getDockingActionsByFullActionName","comment":"","params":[{"type_long":"java.lang.String","name":"fullActionName","comment":"","type_short":"String"}],"throws":[],"return":{"type_long":"java.util.List<docking.action.DockingActionIf>","comment":"","type_short":"List"}},{"javadoc":"","static":false,"name":"showComponentProvider","comment":"","params":[{"type_long":"docking.ComponentProvider","name":"provider","comment":"","type_short":"ComponentProvider"},{"type_long":"boolean","name":"visible","comment":"","type_short":"boolean"}],"throws":[],"return":{"type_long":"void","comment":"","type_short":"void"}},{"javadoc":"","static":false,"name":"showDialog","comment":"","params":[{"type_long":"docking.DialogComponentProvider","name":"dialogComponent","comment":"","type_short":"DialogComponentProvider"}],"throws":[],"return":{"type_long":"void","comment":"","type_short":"void"}},{"javadoc":"","static":false,"name":"getToolFrame","comment":"","params":[],"throws":[],"return":{"type_long":"javax.swing.JFrame","comment":"","type_short":"JFrame"}},{"javadoc":"","static":false,"name":"getProviderWindow","comment":"","params":[{"type_long":"docking.ComponentProvider","name":"provider","comment":"","type_short":"ComponentProvider"}],"throws":[],"return":{"type_long":"java.awt.Window","comment":"","type_short":"Window"}},{"javadoc":"","static":false,"name":"toFront","comment":"","params":[{"type_long":"docking.ComponentProvider","name":"provider","comment":"","type_short":"ComponentProvider"}],"throws":[],"return":{"type_long":"void","comment":"","type_short":"void"}},{"javadoc":"","static":false,"name":"isVisible","comment":"","params":[{"type_long":"docking.ComponentProvider","name":"provider","comment":"","type_short":"ComponentProvider"}],"throws":[],"return":{"type_long":"boolean","comment":"","type_short":"boolean"}},{"javadoc":"","static":false,"name":"isActive","comment":"","params":[{"type_long":"docking.ComponentProvider","name":"provider","comment":"","type_short":"ComponentProvider"}],"throws":[],"return":{"type_long":"boolean","comment":"","type_short":"boolean"}},{"javadoc":"","static":false,"name":"updateTitle","comment":"","params":[{"type_long":"docking.ComponentProvider","name":"provider","comment":"","type_short":"ComponentProvider"}],"throws":[],"return":{"type_long":"void","comment":"","type_short":"void"}},{"javadoc":"","static":false,"name":"contextChanged","comment":"","params":[{"type_long":"docking.ComponentProvider","name":"provider","comment":"","type_short":"ComponentProvider"}],"throws":[],"return":{"type_long":"void","comment":"","type_short":"void"}},{"javadoc":"","static":false,"name":"getWindowManager","comment":"","params":[],"throws":[],"return":{"type_long":"docking.DockingWindowManager","comment":"","type_short":"DockingWindowManager"}},{"javadoc":"","static":false,"name":"setConfigChanged","comment":"","params":[{"type_long":"boolean","name":"changed","comment":"","type_short":"boolean"}],"throws":[],"return":{"type_long":"void","comment":"","type_short":"void"}},{"javadoc":"","static":false,"name":"hasConfigChanged","comment":"","params":[],"throws":[],"return":{"type_long":"boolean","comment":"","type_short":"boolean"}}],"name":"AbstractDockingTool","comment":"A partial implementation of DockingTool that serves as a place to share common \n functionality","fields":[]}
