{"implements":[],"javadoc":"Dialog to show multiple actions that are mapped to the same keystroke;\n allows the user to select which action to do.","static":false,"extends":"docking.DialogComponentProvider","methods":[{"javadoc":"Constructor\n@param parent parent to this dialog\n@param keystrokeName keystroke name\n@param list list of PluginActions\n@param event event to pass the selected action","static":false,"name":"<init>","comment":"Constructor","params":[{"type_long":"java.lang.String","name":"keystrokeName","comment":"keystroke name","type_short":"String"},{"type_long":"java.util.List<docking.ExecutableKeyActionAdapter>","name":"list","comment":"list of PluginActions","type_short":"List"}],"throws":[],"return":{"type_long":"void","comment":"","type_short":"void"}},{"javadoc":"Set the list of actions that are enabled.\n@param list list of actions\n@param event event to pass to the action that is\n selected.","static":false,"name":"setActionList","comment":"Set the list of actions that are enabled.","params":[{"type_long":"java.util.List<docking.ExecutableKeyActionAdapter>","name":"list","comment":"list of actions","type_short":"List"}],"throws":[],"return":{"type_long":"void","comment":"","type_short":"void"}}],"name":"ActionDialog","comment":"Dialog to show multiple actions that are mapped to the same keystroke;\n allows the user to select which action to do.","fields":[]}
