{"implements":[],"javadoc":"ComponentProviders are required to return Objects of this type in their getActionContext()\n methods.  Generally, ComponentProviders have two ways to use this class.  They can either create\n an ActionContext instance and pass in a contextObject that will be useful to its actions or,\n subclass the ActionContext object to include specific methods to provide the information that\n actions will require.","static":false,"extends":"java.lang.Object","methods":[{"javadoc":"","static":false,"name":"<init>","comment":"","params":[],"throws":[],"return":{"type_long":"void","comment":"","type_short":"void"}},{"javadoc":"Basic constructor for ActionContext\n@param provider the ComponentProvider that generated this context.\n@param contextObject an optional contextObject that the ComponentProvider can provide\n to the action.","static":false,"name":"<init>","comment":"Basic constructor for ActionContext","params":[{"type_long":"docking.ComponentProvider","name":"provider","comment":"the ComponentProvider that generated this context.","type_short":"ComponentProvider"},{"type_long":"java.lang.Object","name":"contextObject","comment":"an optional contextObject that the ComponentProvider can provide\n to the action.","type_short":"Object"}],"throws":[],"return":{"type_long":"void","comment":"","type_short":"void"}},{"javadoc":"For Testing","static":false,"name":"<init>","comment":"For Testing","params":[{"type_long":"docking.ComponentProvider","name":"provider","comment":"","type_short":"ComponentProvider"},{"type_long":"java.lang.Object","name":"contextObject","comment":"","type_short":"Object"},{"type_long":"java.lang.Object","name":"sourceObject","comment":"","type_short":"Object"}],"throws":[],"return":{"type_long":"void","comment":"","type_short":"void"}},{"javadoc":"Returns the {@link #ComponentProvider} that generated this ActionContext\n@return ","static":false,"name":"getComponentProvider","comment":"Returns the #ComponentProvider that generated this ActionContext","params":[],"throws":[],"return":{"type_long":"docking.ComponentProvider","comment":"","type_short":"ComponentProvider"}},{"javadoc":"Returns the object that was included by the ComponentProvider when this context was created.\n@return the object that was included by the ComponentProvider when this context was created.","static":false,"name":"getContextObject","comment":"Returns the object that was included by the ComponentProvider when this context was created.","params":[],"throws":[],"return":{"type_long":"java.lang.Object","comment":"the object that was included by the ComponentProvider when this context was created.","type_short":"Object"}},{"javadoc":"Sets the context object for this context.  This can be any object of the creator's \n choosing that can be provided for later retrieval.\n@param contextObject Sets the context object for this context.","static":false,"name":"setContextObject","comment":"Sets the context object for this context.  This can be any object of the creator's \n choosing that can be provided for later retrieval.","params":[{"type_long":"java.lang.Object","name":"contextObject","comment":"Sets the context object for this context.","type_short":"Object"}],"throws":[],"return":{"type_long":"void","comment":"","type_short":"void"}},{"javadoc":"Returns the sourceObject from the actionEvent that triggered this context to be generated.\n@return the sourceObject from the actionEvent that triggered this context to be generated.","static":false,"name":"getSourceObject","comment":"Returns the sourceObject from the actionEvent that triggered this context to be generated.","params":[],"throws":[],"return":{"type_long":"java.lang.Object","comment":"the sourceObject from the actionEvent that triggered this context to be generated.","type_short":"Object"}},{"javadoc":"Sets the sourceObject for this ActionContext.  This method is used internally by the \n DockingWindowManager. ComponentProvider and action developers should\n only use this method for testing.\n@param sourceObject","static":false,"name":"setSource","comment":"Sets the sourceObject for this ActionContext.  This method is used internally by the \n DockingWindowManager. ComponentProvider and action developers should\n only use this method for testing.","params":[{"type_long":"java.lang.Object","name":"sourceObject","comment":"","type_short":"Object"}],"throws":[],"return":{"type_long":"void","comment":"","type_short":"void"}},{"javadoc":"Updates the context's mouse event.  Contexts that are based upon key events will have no \n mouse event.\n@param e the event that triggered this context.","static":false,"name":"setMouseEvent","comment":"Updates the context's mouse event.  Contexts that are based upon key events will have no \n mouse event.","params":[{"type_long":"java.awt.event.MouseEvent","name":"e","comment":"the event that triggered this context.","type_short":"MouseEvent"}],"throws":[],"return":{"type_long":"void","comment":"","type_short":"void"}},{"javadoc":"Returns the context's mouse event.  Contexts that are based upon key events will have no \n mouse event.\n@return the mouse event that triggered this context; null implies a key event-based context","static":false,"name":"getMouseEvent","comment":"Returns the context's mouse event.  Contexts that are based upon key events will have no \n mouse event.","params":[],"throws":[],"return":{"type_long":"java.awt.event.MouseEvent","comment":"the mouse event that triggered this context; null implies a key event-based context","type_short":"MouseEvent"}}],"name":"ActionContext","comment":"ComponentProviders are required to return Objects of this type in their getActionContext()\n methods.  Generally, ComponentProviders have two ways to use this class.  They can either create\n an ActionContext instance and pass in a contextObject that will be useful to its actions or,\n subclass the ActionContext object to include specific methods to provide the information that\n actions will require.","fields":[]}
