{"implements":["docking.KeyStrokeConsumer"],"javadoc":"An implementation of {@link KeyStrokeConsumer} that checks to see if a given {@link KeyStroke}\n is valid for performing lookup on trees and tables.","static":false,"extends":"java.lang.Object","methods":[{"javadoc":"","static":false,"name":"<init>","comment":"","params":[],"throws":[],"return":{"type_long":"void","comment":"","type_short":"void"}},{"javadoc":"","static":false,"name":"isKeyConsumed","comment":"","params":[{"type_long":"javax.swing.KeyStroke","name":"keyStroke","comment":"","type_short":"KeyStroke"}],"throws":[],"return":{"type_long":"boolean","comment":"","type_short":"boolean"}}],"name":"AutoLookupKeyStrokeConsumer","comment":"An implementation of KeyStrokeConsumer that checks to see if a given KeyStroke\n is valid for performing lookup on trees and tables.","fields":[]}
