{"implements":[],"javadoc":"Class to hold information about a dockable component with respect to its position within the\n windowing system.  It also holds identification information about the provider so that its\n location can be reused when the provider is re-opened.","static":false,"extends":"java.lang.Object","methods":[{"javadoc":"Returns a Dockable component that wraps the component for this placeholder.","static":false,"name":"getComponent","comment":"Returns a Dockable component that wraps the component for this placeholder.","params":[],"throws":[],"return":{"type_long":"docking.DockableComponent","comment":"","type_short":"DockableComponent"}},{"javadoc":"Returns the title for this component.\n@return the title for this component.","static":false,"name":"getTitle","comment":"Returns the title for this component.","params":[],"throws":[],"return":{"type_long":"java.lang.String","comment":"the title for this component.","type_short":"String"}},{"javadoc":"Returns the subtitle for the component\n@return the subtitle for the component","static":false,"name":"getSubTitle","comment":"Returns the subtitle for the component","params":[],"throws":[],"return":{"type_long":"java.lang.String","comment":"the subtitle for the component","type_short":"String"}},{"javadoc":"The text for display on the tab of a tabbed component.\n@return The text for display on the tab of a tabbed component.","static":false,"name":"getTabText","comment":"The text for display on the tab of a tabbed component.","params":[],"throws":[],"return":{"type_long":"java.lang.String","comment":"The text for display on the tab of a tabbed component.","type_short":"String"}},{"javadoc":"Returns the name of this component.\n@return the name of this component.","static":false,"name":"getName","comment":"Returns the name of this component.","params":[],"throws":[],"return":{"type_long":"java.lang.String","comment":"the name of this component.","type_short":"String"}},{"javadoc":"","static":false,"name":"update","comment":"","params":[],"throws":[],"return":{"type_long":"void","comment":"","type_short":"void"}},{"javadoc":"Returns the component provider for this placeholder.\n@return the component provider for this placeholder.","static":false,"name":"getProvider","comment":"Returns the component provider for this placeholder.","params":[],"throws":[],"return":{"type_long":"docking.ComponentProvider","comment":"the component provider for this placeholder.","type_short":"ComponentProvider"}},{"javadoc":"Returns the full title for this component (title + subtitle)\n@return the full title for this component (title + subtitle)","static":false,"name":"getFullTitle","comment":"Returns the full title for this component (title + subtitle)","params":[],"throws":[],"return":{"type_long":"java.lang.String","comment":"the full title for this component (title + subtitle)","type_short":"String"}},{"javadoc":"","static":false,"name":"toString","comment":"","params":[],"throws":[],"return":{"type_long":"java.lang.String","comment":"","type_short":"String"}}],"name":"ComponentPlaceholder","comment":"Class to hold information about a dockable component with respect to its position within the\n windowing system.  It also holds identification information about the provider so that its\n location can be reused when the provider is re-opened.","fields":[]}
