{"implements":["docking.help.HelpDescriptor","docking.action.ActionContextProvider"],"javadoc":"Abstract base class for creating dockable GUI components within a tool.  \n <p>\n The one method that must be implemented is {@link #getComponent()} which is where the top level\n Swing JComponent is returned to be docked into the tool.  Typically, the GUI components are\n created in the constructor along with any local actions for the provider.  The getComponent() \n method then simply returns the top level component previously created by this provider.\n <p>\n There are many other methods for configuring how to dock the component, set title information,\n configure grouping, set the help, add actions, and receive show\/hide notifications, some\n of which are highlighted below.  Typically, implementers will use these methods to configure\n how the GUI component behaves within the tool, and then add the business logic that uses and reacts\n to the GUI components created in this provider.\n <p>\n To effectively use this class you merely need to create your component, add your actions to \n this class ({@link #addLocalAction(DockingActionIf)}) and then add this provider to the tool\n ({@link #addToTool()}).\n <p>\n This also provides several useful convenience methods:\n <ul>\n  <li>{@link #addLocalAction(DockingActionIf)}\n  <li>{@link #addToTool()}\n  <li>{@link #setVisible(boolean)}  \n  <li>{@link #setTitle(String)}\n  <li>{@link #setIcon(Icon)}\n <\/ul>\n <p>\n There are a handful of stub methods that can be overridden as desired:\n <ul>\n  <li>{@link #componentActivated()} and {@link #componentDeactived()}\n  <li>{@link #componentHidden()} and {@link #componentShown()}\n <\/ul>\n <p>\n Note: This class was created so that implementors could add local actions within the constructor\n without having to understand that they must first add themselves to the WindowManager.","static":false,"extends":"java.lang.Object","methods":[{"javadoc":"Creates a new component provider with a default location of {@link WindowPosition#WINDOW}.\n@param tool The tool will manage and show this provider\n@param name The providers name.  This is used to group similar providers into a tab within\n        the same window.\n@param owner The owner of this provider, usually a plugin name.","static":false,"name":"<init>","comment":"Creates a new component provider with a default location of WindowPosition#WINDOW.","params":[{"type_long":"docking.DockingTool","name":"tool","comment":"The tool will manage and show this provider","type_short":"DockingTool"},{"type_long":"java.lang.String","name":"name","comment":"The providers name.  This is used to group similar providers into a tab within\n        the same window.","type_short":"String"},{"type_long":"java.lang.String","name":"owner","comment":"The owner of this provider, usually a plugin name.","type_short":"String"}],"throws":[],"return":{"type_long":"void","comment":"","type_short":"void"}},{"javadoc":"Creates a new component provider with a default location of {@link WindowPosition#WINDOW}.\n@param tool The tool that will manage and show this provider.\n@param name The providers name.  This is used to group similar providers into a tab within\n        the same window.\n@param owner The owner of this provider, usually a plugin name.\n@param contextType the type of context supported by this provider; may be null (see\n        {@link #getContextType()}","static":false,"name":"<init>","comment":"Creates a new component provider with a default location of WindowPosition#WINDOW.","params":[{"type_long":"docking.DockingTool","name":"tool","comment":"The tool that will manage and show this provider.","type_short":"DockingTool"},{"type_long":"java.lang.String","name":"name","comment":"The providers name.  This is used to group similar providers into a tab within\n        the same window.","type_short":"String"},{"type_long":"java.lang.String","name":"owner","comment":"The owner of this provider, usually a plugin name.","type_short":"String"},{"type_long":"java.lang.Class<?>","name":"contextType","comment":"the type of context supported by this provider; may be null (see\n        #getContextType()","type_short":"Class"}],"throws":[],"return":{"type_long":"void","comment":"","type_short":"void"}},{"javadoc":"Returns the component to be displayed\n@return the component to be displayed","static":false,"name":"getComponent","comment":"Returns the component to be displayed","params":[],"throws":[],"return":{"type_long":"javax.swing.JComponent","comment":"the component to be displayed","type_short":"JComponent"}},{"javadoc":"A unique ID for this provider\n@return unique ID for this provider","static":false,"name":"getInstanceID","comment":"A unique ID for this provider","params":[],"throws":[],"return":{"type_long":"long","comment":"unique ID for this provider","type_short":"long"}},{"javadoc":"","static":false,"name":"requestFocus","comment":"","params":[],"throws":[],"return":{"type_long":"void","comment":"","type_short":"void"}},{"javadoc":"Adds this provider to the tool in a new window that is not initially visible.  The provider\n will then show up in the \"Windows\" menu of the tool","static":false,"name":"addToTool","comment":"Adds this provider to the tool in a new window that is not initially visible.  The provider\n will then show up in the \"Windows\" menu of the tool","params":[],"throws":[],"return":{"type_long":"void","comment":"","type_short":"void"}},{"javadoc":"Removes this provider from the tool.","static":false,"name":"removeFromTool","comment":"Removes this provider from the tool.","params":[],"throws":[],"return":{"type_long":"void","comment":"","type_short":"void"}},{"javadoc":"Convenience method to show or hide this provider.\n@param visible True shows the provider; false hides the provider","static":false,"name":"setVisible","comment":"Convenience method to show or hide this provider.","params":[{"type_long":"boolean","name":"visible","comment":"True shows the provider; false hides the provider","type_short":"boolean"}],"throws":[],"return":{"type_long":"void","comment":"","type_short":"void"}},{"javadoc":"","static":false,"name":"toFront","comment":"","params":[],"throws":[],"return":{"type_long":"void","comment":"","type_short":"void"}},{"javadoc":"","static":false,"name":"isInTool","comment":"","params":[],"throws":[],"return":{"type_long":"boolean","comment":"","type_short":"boolean"}},{"javadoc":"A signal used when installing actions.  Some actions are only added to a given window \n if there is a provider in that window that can work with that action.  Providers can return\n a context class from this method to control whether dependent actions get added.  Most\n providers return null for this method, which means they will not have any dependent \n actions added to windows other than the primary application window.\n@return a class representing the desired context type or null;","static":false,"name":"getContextType","comment":"A signal used when installing actions.  Some actions are only added to a given window \n if there is a provider in that window that can work with that action.  Providers can return\n a context class from this method to control whether dependent actions get added.  Most\n providers return null for this method, which means they will not have any dependent \n actions added to windows other than the primary application window.","params":[],"throws":[],"return":{"type_long":"java.lang.Class<?>","comment":"a class representing the desired context type or null;","type_short":"Class"}},{"javadoc":"Convenience method to indicate if this provider is showing.\n@return true if this provider is showing.","static":false,"name":"isVisible","comment":"Convenience method to indicate if this provider is showing.","params":[],"throws":[],"return":{"type_long":"boolean","comment":"true if this provider is showing.","type_short":"boolean"}},{"javadoc":"Convenience method to indicate if this provider is the active provider (has focus)\n@return true if this provider is active.","static":false,"name":"isActive","comment":"Convenience method to indicate if this provider is the active provider (has focus)","params":[],"throws":[],"return":{"type_long":"boolean","comment":"true if this provider is active.","type_short":"boolean"}},{"javadoc":"This is the callback that will happen when the user presses the 'X' button of a provider.\n Transient providers will be removed from the tool completely.   Non-transient providers\n will merely be hidden.\n \n <P>Subclasses may override this method to prevent a provider from being closed; for \n example, if an editor has unsaved changes, then this method could prevent the close from\n happening.","static":false,"name":"closeComponent","comment":"This is the callback that will happen when the user presses the 'X' button of a provider.\n Transient providers will be removed from the tool completely.   Non-transient providers\n will merely be hidden.\n \n Subclasses may override this method to prevent a provider from being closed; for \n example, if an editor has unsaved changes, then this method could prevent the close from\n happening.","params":[],"throws":[],"return":{"type_long":"void","comment":"","type_short":"void"}},{"javadoc":"Notifies the component provider that it is now the active provider","static":false,"name":"componentActivated","comment":"Notifies the component provider that it is now the active provider","params":[],"throws":[],"return":{"type_long":"void","comment":"","type_short":"void"}},{"javadoc":"Notifies the component provider that it is no longer the active provider","static":false,"name":"componentDeactived","comment":"Notifies the component provider that it is no longer the active provider","params":[],"throws":[],"return":{"type_long":"void","comment":"","type_short":"void"}},{"javadoc":"Notifies the provider that the component is being hidden.  This happens when the \n provider is being closed.","static":false,"name":"componentHidden","comment":"Notifies the provider that the component is being hidden.  This happens when the \n provider is being closed.","params":[],"throws":[],"return":{"type_long":"void","comment":"","type_short":"void"}},{"javadoc":"Notifies the provider that the component is being shown.","static":false,"name":"componentShown","comment":"Notifies the provider that the component is being shown.","params":[],"throws":[],"return":{"type_long":"void","comment":"","type_short":"void"}},{"javadoc":"Returns the context object which corresponds to the\n area of focus within this provider's component.  Null\n is returned when there is no context.\n@param event popup event which corresponds to this request.\n May be null for key-stroke or other non-mouse event.","static":false,"name":"getActionContext","comment":"Returns the context object which corresponds to the\n area of focus within this provider's component.  Null\n is returned when there is no context.","params":[{"type_long":"java.awt.event.MouseEvent","name":"event","comment":"popup event which corresponds to this request.\n May be null for key-stroke or other non-mouse event.","type_short":"MouseEvent"}],"throws":[],"return":{"type_long":"docking.ActionContext","comment":"","type_short":"ActionContext"}},{"javadoc":"Kicks the tool to let it know the context for this provider has changed.","static":false,"name":"contextChanged","comment":"Kicks the tool to let it know the context for this provider has changed.","params":[],"throws":[],"return":{"type_long":"void","comment":"","type_short":"void"}},{"javadoc":"Returns the general HelpLocation for this provider.  Should return null only if no \n help documentation exists.\n@return the help location","static":false,"name":"getHelpLocation","comment":"Returns the general HelpLocation for this provider.  Should return null only if no \n help documentation exists.","params":[],"throws":[],"return":{"type_long":"ghidra.util.HelpLocation","comment":"the help location","type_short":"HelpLocation"}},{"javadoc":"","static":false,"name":"setHelpLocation","comment":"","params":[{"type_long":"ghidra.util.HelpLocation","name":"helpLocation","comment":"","type_short":"HelpLocation"}],"throws":[],"return":{"type_long":"void","comment":"","type_short":"void"}},{"javadoc":"Returns the Icon associated with the component view\n@return the Icon associated with the component view","static":false,"name":"getIcon","comment":"Returns the Icon associated with the component view","params":[],"throws":[],"return":{"type_long":"javax.swing.Icon","comment":"the Icon associated with the component view","type_short":"Icon"}},{"javadoc":"Returns the name of this provider\n@return the name of this provider","static":false,"name":"getName","comment":"Returns the name of this provider","params":[],"throws":[],"return":{"type_long":"java.lang.String","comment":"the name of this provider","type_short":"String"}},{"javadoc":"Returns the owner of this provider (usually a plugin)\n@return the owner of this provider","static":false,"name":"getOwner","comment":"Returns the owner of this provider (usually a plugin)","params":[],"throws":[],"return":{"type_long":"java.lang.String","comment":"the owner of this provider","type_short":"String"}},{"javadoc":"Sets the provider's title.\n@param title the title string to use.","static":false,"name":"setTitle","comment":"Sets the provider's title.","params":[{"type_long":"java.lang.String","name":"title","comment":"the title string to use.","type_short":"String"}],"throws":[],"return":{"type_long":"void","comment":"","type_short":"void"}},{"javadoc":"Sets the provider's sub-title (Sub-titles don't show up\n in the window menu).\n@param subTitle the sub-title string to use.","static":false,"name":"setSubTitle","comment":"Sets the provider's sub-title (Sub-titles don't show up\n in the window menu).","params":[{"type_long":"java.lang.String","name":"subTitle","comment":"the sub-title string to use.","type_short":"String"}],"throws":[],"return":{"type_long":"void","comment":"","type_short":"void"}},{"javadoc":"Sets the text to be displayed on tabs when provider is stacked with other providers.\n@param tabText the tab text.","static":false,"name":"setTabText","comment":"Sets the text to be displayed on tabs when provider is stacked with other providers.","params":[{"type_long":"java.lang.String","name":"tabText","comment":"the tab text.","type_short":"String"}],"throws":[],"return":{"type_long":"void","comment":"","type_short":"void"}},{"javadoc":"Returns the provider's current title.\n@return the provider's current title.","static":false,"name":"getTitle","comment":"Returns the provider's current title.","params":[],"throws":[],"return":{"type_long":"java.lang.String","comment":"the provider's current title.","type_short":"String"}},{"javadoc":"Returns the provider's current sub-title (Sub-titles don't show up\n in the window menu).\n@return the provider's current sub-title.","static":false,"name":"getSubTitle","comment":"Returns the provider's current sub-title (Sub-titles don't show up\n in the window menu).","params":[],"throws":[],"return":{"type_long":"java.lang.String","comment":"the provider's current sub-title.","type_short":"String"}},{"javadoc":"Returns the optionally set text to display in the tab for a component provider.   The\n text returned from {@link #getTitle()} will be used by default.\n@return the optionally set text to display in the tab for a component provider.\n@set {@link #setTabText(String)}","static":false,"name":"getTabText","comment":"Returns the optionally set text to display in the tab for a component provider.   The\n text returned from #getTitle() will be used by default.","params":[],"throws":[],"return":{"type_long":"java.lang.String","comment":"the optionally set text to display in the tab for a component provider.","type_short":"String"}},{"javadoc":"Convenience method for setting the provider's icon.\n@param icon the icon to use for this provider.","static":false,"name":"setIcon","comment":"Convenience method for setting the provider's icon.","params":[{"type_long":"javax.swing.Icon","name":"icon","comment":"the icon to use for this provider.","type_short":"Icon"}],"throws":[],"return":{"type_long":"void","comment":"","type_short":"void"}},{"javadoc":"Returns the name of a cascading sub-menu name to use when when showing this provider in the\n \"Window\" menu. If the group name is null, the item will appear in the top-level menu.\n@return the menu group for this provider or null if this provider should appear in the\n top-level menu.","static":false,"name":"getWindowSubMenuName","comment":"Returns the name of a cascading sub-menu name to use when when showing this provider in the\n \"Window\" menu. If the group name is null, the item will appear in the top-level menu.","params":[],"throws":[],"return":{"type_long":"java.lang.String","comment":"the menu group for this provider or null if this provider should appear in the\n top-level menu.","type_short":"String"}},{"javadoc":"Returns true if this component goes away during a user session (most providers remain in\n the tool all session long, visible or not)\n@return true if transitent","static":false,"name":"isTransient","comment":"Returns true if this component goes away during a user session (most providers remain in\n the tool all session long, visible or not)","params":[],"throws":[],"return":{"type_long":"boolean","comment":"true if transitent","type_short":"boolean"}},{"javadoc":"The initial {@link WindowPosition} of this provider.  If a {@link #getWindowGroup() window\n group} is provided, then this position is relative to that provider.  Otherwise, this \n position is relative to the tool window.\n@return The initial {@link WindowPosition} of this provider.","static":false,"name":"getDefaultWindowPosition","comment":"The initial WindowPosition of this provider.  If a #getWindowGroup() is provided, then this position is relative to that provider.  Otherwise, this \n position is relative to the tool window.","params":[],"throws":[],"return":{"type_long":"docking.WindowPosition","comment":"The initial WindowPosition of this provider.","type_short":"WindowPosition"}},{"javadoc":"The position of this provider when being placed with other members of the same group.  As\n an example, assume this provider is being shown for the first time while there is another\n member of its {@link #getWindowGroup() window group} already visible.  Further, assume \n that this method will return {@link WindowPosition#STACK}.  This provider will then be\n stacked upon the already showing provider.\n <p>\n To determine where this provider should be initially shown, \n see {@link #getDefaultWindowPosition()}.\n@return The position of this provider when being placed with other members of the same group.","static":false,"name":"getIntraGroupPosition","comment":"The position of this provider when being placed with other members of the same group.  As\n an example, assume this provider is being shown for the first time while there is another\n member of its #getWindowGroup() already visible.  Further, assume \n that this method will return WindowPosition#STACK.  This provider will then be\n stacked upon the already showing provider.\n \n To determine where this provider should be initially shown, \n see #getDefaultWindowPosition().","params":[],"throws":[],"return":{"type_long":"docking.WindowPosition","comment":"The position of this provider when being placed with other members of the same group.","type_short":"WindowPosition"}},{"javadoc":"See {@link #getIntraGroupPosition()}.\n@param position the new position","static":false,"name":"setIntraGroupPosition","comment":"See #getIntraGroupPosition().","params":[{"type_long":"docking.WindowPosition","name":"position","comment":"the new position","type_short":"WindowPosition"}],"throws":[],"return":{"type_long":"void","comment":"","type_short":"void"}},{"javadoc":"Returns an optional group designator that, if non-null, the docking window manager uses to \n determine the initial location of the new component relative to any existing instances\n of this component Provider.  \n <p>\n The docking window manager will use {@link #getIntraGroupPosition() Intra-group Position}  \n to decide where to place this provider inside of the already open instances of the \n same group.  The default position is 'stack', which results in the new instance being\n stacked with other instances of this provider that have the same group unless that instance is\n the active provider or is currently stacked with the active provider. (This is to prevent\n new windows from covering the active window).\n@return the window group","static":false,"name":"getWindowGroup","comment":"Returns an optional group designator that, if non-null, the docking window manager uses to \n determine the initial location of the new component relative to any existing instances\n of this component Provider.  \n \n The docking window manager will use #getIntraGroupPosition()  \n to decide where to place this provider inside of the already open instances of the \n same group.  The default position is 'stack', which results in the new instance being\n stacked with other instances of this provider that have the same group unless that instance is\n the active provider or is currently stacked with the active provider. (This is to prevent\n new windows from covering the active window).","params":[],"throws":[],"return":{"type_long":"java.lang.String","comment":"the window group","type_short":"String"}},{"javadoc":"","static":false,"name":"getHelpInfo","comment":"","params":[],"throws":[],"return":{"type_long":"java.lang.String","comment":"","type_short":"String"}},{"javadoc":"","static":false,"name":"getHelpObject","comment":"","params":[],"throws":[],"return":{"type_long":"java.lang.Object","comment":"","type_short":"Object"}},{"javadoc":"","static":false,"name":"getTool","comment":"","params":[],"throws":[],"return":{"type_long":"docking.DockingTool","comment":"","type_short":"DockingTool"}},{"javadoc":"","static":false,"name":"toString","comment":"","params":[],"throws":[],"return":{"type_long":"java.lang.String","comment":"","type_short":"String"}},{"javadoc":"Returns any registered new provider name for the oldName\/oldOwner pair.\n@param oldOwner the old owner name\n@param oldName the old provider name\n@return the new provider name for that oldOwner\/oldName","static":true,"name":"getMappedOwner","comment":"Returns any registered new provider name for the oldName\/oldOwner pair.","params":[{"type_long":"java.lang.String","name":"oldOwner","comment":"the old owner name","type_short":"String"},{"type_long":"java.lang.String","name":"oldName","comment":"the old provider name","type_short":"String"}],"throws":[],"return":{"type_long":"java.lang.String","comment":"the new provider name for that oldOwner\/oldName","type_short":"String"}},{"javadoc":"Returns any registered new provider owner for the oldName\/oldOwner pair.\n@param oldOwner the old owner name\n@param oldName the old provider name\n@return the new provider owner for that oldOwner\/oldName","static":true,"name":"getMappedName","comment":"Returns any registered new provider owner for the oldName\/oldOwner pair.","params":[{"type_long":"java.lang.String","name":"oldOwner","comment":"the old owner name","type_short":"String"},{"type_long":"java.lang.String","name":"oldName","comment":"the old provider name","type_short":"String"}],"throws":[],"return":{"type_long":"java.lang.String","comment":"the new provider owner for that oldOwner\/oldName","type_short":"String"}},{"javadoc":"Register a name and\/or owner change to a provider so that old tools can restore those provider windows\n to their old position and size. Note you must supply all four arguments. If the name or owner did not\n change, use the name or owner that did not change for both the old and new values.\n@param oldName the old name of the provider.\n@param oldOwner the old owner of the provider.\n@param newName the new name of the provider. If the name did not change, use the old name here.\n@param newOwner the new owner of the provider. If the owner did not change, use the old owner here.","static":true,"name":"registerProviderNameOwnerChange","comment":"Register a name and\/or owner change to a provider so that old tools can restore those provider windows\n to their old position and size. Note you must supply all four arguments. If the name or owner did not\n change, use the name or owner that did not change for both the old and new values.","params":[{"type_long":"java.lang.String","name":"oldName","comment":"the old name of the provider.","type_short":"String"},{"type_long":"java.lang.String","name":"oldOwner","comment":"the old owner of the provider.","type_short":"String"},{"type_long":"java.lang.String","name":"newName","comment":"the new name of the provider. If the name did not change, use the old name here.","type_short":"String"},{"type_long":"java.lang.String","name":"newOwner","comment":"the new owner of the provider. If the owner did not change, use the old owner here.","type_short":"String"}],"throws":[],"return":{"type_long":"void","comment":"","type_short":"void"}}],"name":"ComponentProvider","comment":"Abstract base class for creating dockable GUI components within a tool.  \n \n The one method that must be implemented is #getComponent() which is where the top level\n Swing JComponent is returned to be docked into the tool.  Typically, the GUI components are\n created in the constructor along with any local actions for the provider.  The getComponent() \n method then simply returns the top level component previously created by this provider.\n \n There are many other methods for configuring how to dock the component, set title information,\n configure grouping, set the help, add actions, and receive show\/hide notifications, some\n of which are highlighted below.  Typically, implementers will use these methods to configure\n how the GUI component behaves within the tool, and then add the business logic that uses and reacts\n to the GUI components created in this provider.\n \n To effectively use this class you merely need to create your component, add your actions to \n this class (#addLocalAction(DockingActionIf)) and then add this provider to the tool\n (#addToTool()).\n \n This also provides several useful convenience methods:\n \n  #addLocalAction(DockingActionIf)\n  #addToTool()\n  #setVisible(boolean)  \n  #setTitle(String)\n  #setIcon(Icon)\n \n \n There are a handful of stub methods that can be overridden as desired:\n \n  #componentActivated() and #componentDeactived()\n  #componentHidden() and #componentShown()\n \n \n Note: This class was created so that implementors could add local actions within the constructor\n without having to understand that they must first add themselves to the WindowManager.","fields":[{"type_long":"java.lang.String","javadoc":"","static":true,"name":"DEFAULT_WINDOW_GROUP","comment":"","type_short":"String","constant_value":"\"Default\""}]}
