{"implements":["docking.help.HelpService"],"javadoc":"","static":false,"extends":"java.lang.Object","methods":[{"javadoc":"","static":false,"name":"<init>","comment":"","params":[],"throws":[],"return":{"type_long":"void","comment":"","type_short":"void"}},{"javadoc":"","static":false,"name":"showHelp","comment":"","params":[{"type_long":"java.lang.Object","name":"helpObj","comment":"","type_short":"Object"},{"type_long":"boolean","name":"infoOnly","comment":"","type_short":"boolean"},{"type_long":"java.awt.Component","name":"parent","comment":"","type_short":"Component"}],"throws":[],"return":{"type_long":"void","comment":"","type_short":"void"}},{"javadoc":"","static":false,"name":"showHelp","comment":"","params":[{"type_long":"java.net.URL","name":"url","comment":"","type_short":"URL"}],"throws":[],"return":{"type_long":"void","comment":"","type_short":"void"}},{"javadoc":"","static":false,"name":"excludeFromHelp","comment":"","params":[{"type_long":"java.lang.Object","name":"helpObject","comment":"","type_short":"Object"}],"throws":[],"return":{"type_long":"void","comment":"","type_short":"void"}},{"javadoc":"","static":false,"name":"isExcludedFromHelp","comment":"","params":[{"type_long":"java.lang.Object","name":"helpObject","comment":"","type_short":"Object"}],"throws":[],"return":{"type_long":"boolean","comment":"","type_short":"boolean"}},{"javadoc":"","static":false,"name":"clearHelp","comment":"","params":[{"type_long":"java.lang.Object","name":"helpObject","comment":"","type_short":"Object"}],"throws":[],"return":{"type_long":"void","comment":"","type_short":"void"}},{"javadoc":"","static":false,"name":"registerHelp","comment":"","params":[{"type_long":"java.lang.Object","name":"helpObj","comment":"","type_short":"Object"},{"type_long":"ghidra.util.HelpLocation","name":"helpLocation","comment":"","type_short":"HelpLocation"}],"throws":[],"return":{"type_long":"void","comment":"","type_short":"void"}},{"javadoc":"","static":false,"name":"getHelpLocation","comment":"","params":[{"type_long":"java.lang.Object","name":"object","comment":"","type_short":"Object"}],"throws":[],"return":{"type_long":"ghidra.util.HelpLocation","comment":"","type_short":"HelpLocation"}},{"javadoc":"","static":false,"name":"helpExists","comment":"","params":[],"throws":[],"return":{"type_long":"boolean","comment":"","type_short":"boolean"}}],"name":"DefaultHelpService","comment":"","fields":[]}
