{"implements":["docking.FocusOwnerProvider"],"javadoc":"Uses Java's default focus manager to provide the focus owner.","static":false,"extends":"java.lang.Object","methods":[{"javadoc":"","static":false,"name":"<init>","comment":"","params":[],"throws":[],"return":{"type_long":"void","comment":"","type_short":"void"}},{"javadoc":"","static":false,"name":"getFocusOwner","comment":"","params":[],"throws":[],"return":{"type_long":"java.awt.Component","comment":"","type_short":"Component"}},{"javadoc":"","static":false,"name":"getActiveWindow","comment":"","params":[],"throws":[],"return":{"type_long":"java.awt.Window","comment":"","type_short":"Window"}}],"name":"DefaultFocusOwnerProvider","comment":"Uses Java's default focus manager to provide the focus owner.","fields":[]}
