{"implements":[],"javadoc":"A factory to create JLayer instances to provide the L&F and functionality of a \n disabled panel -- the component assumes a disabled color, and selection via mouse and\n keyboard is prevented. As this is simply a layer in the UI stack, previous states of \n components is maintained and unmodified.","static":false,"extends":"java.lang.Object","methods":[{"javadoc":"","static":true,"name":"getDisabledLayer","comment":"","params":[{"type_long":"javax.swing.JComponent","name":"component","comment":"","type_short":"JComponent"}],"throws":[],"return":{"type_long":"javax.swing.JLayer<javax.swing.JComponent>","comment":"","type_short":"JLayer"}}],"name":"DisabledComponentLayerFactory","comment":"A factory to create JLayer instances to provide the L and functionality of a \n disabled panel -- the component assumes a disabled color, and selection via mouse and\n keyboard is prevented. As this is simply a layer in the UI stack, previous states of \n components is maintained and unmodified.","fields":[]}
