{"implements":["docking.help.HelpDescriptor"],"javadoc":"","static":false,"extends":"javax.swing.JDialog","methods":[{"javadoc":"","static":true,"name":"createDialog","comment":"","params":[{"type_long":"java.awt.Window","name":"parent","comment":"","type_short":"Window"},{"type_long":"docking.DialogComponentProvider","name":"comp","comment":"","type_short":"DialogComponentProvider"},{"type_long":"java.awt.Component","name":"centeredOnComponent","comment":"","type_short":"Component"}],"throws":[],"return":{"type_long":"docking.DockingDialog","comment":"","type_short":"DockingDialog"}},{"javadoc":"","static":false,"name":"<init>","comment":"","params":[{"type_long":"docking.DialogComponentProvider","name":"comp","comment":"","type_short":"DialogComponentProvider"},{"type_long":"java.awt.Component","name":"centeredOnComponent","comment":"","type_short":"Component"}],"throws":[],"return":{"type_long":"void","comment":"","type_short":"void"}},{"javadoc":"","static":false,"name":"getOwningWindowManager","comment":"","params":[],"throws":[],"return":{"type_long":"docking.DockingWindowManager","comment":"","type_short":"DockingWindowManager"}},{"javadoc":"","static":false,"name":"getDialogComponent","comment":"","params":[],"throws":[],"return":{"type_long":"docking.DialogComponentProvider","comment":"","type_short":"DialogComponentProvider"}},{"javadoc":"Centers the dialog on the given component.\n@param c the component to center over.","static":false,"name":"setCenteredOnComponent","comment":"Centers the dialog on the given component.","params":[{"type_long":"java.awt.Component","name":"c","comment":"the component to center over.","type_short":"Component"}],"throws":[],"return":{"type_long":"void","comment":"","type_short":"void"}},{"javadoc":"","static":false,"name":"getHelpInfo","comment":"","params":[],"throws":[],"return":{"type_long":"java.lang.String","comment":"","type_short":"String"}},{"javadoc":"","static":false,"name":"getHelpObject","comment":"","params":[],"throws":[],"return":{"type_long":"java.lang.Object","comment":"","type_short":"Object"}},{"javadoc":"","static":false,"name":"setVisible","comment":"","params":[{"type_long":"boolean","name":"b","comment":"","type_short":"boolean"}],"throws":[],"return":{"type_long":"void","comment":"","type_short":"void"}},{"javadoc":"","static":false,"name":"toString","comment":"","params":[],"throws":[],"return":{"type_long":"java.lang.String","comment":"","type_short":"String"}}],"name":"DockingDialog","comment":"","fields":[]}
