{"implements":["java.awt.dnd.DragGestureListener","java.awt.dnd.DragSourceListener"],"javadoc":"Component for providing component titles and toolbar. Also provides Drag\n source functionality.","static":false,"extends":"docking.GenericHeader","methods":[{"javadoc":"","static":false,"name":"requestFocus","comment":"","params":[],"throws":[],"return":{"type_long":"void","comment":"","type_short":"void"}},{"javadoc":"","static":false,"name":"setSelected","comment":"","params":[{"type_long":"boolean","name":"hasFocus","comment":"","type_short":"boolean"}],"throws":[],"return":{"type_long":"void","comment":"","type_short":"void"}},{"javadoc":"","static":false,"name":"dragGestureRecognized","comment":"","params":[{"type_long":"java.awt.dnd.DragGestureEvent","name":"event","comment":"","type_short":"DragGestureEvent"}],"throws":[],"return":{"type_long":"void","comment":"","type_short":"void"}},{"javadoc":"","static":false,"name":"dragDropEnd","comment":"","params":[{"type_long":"java.awt.dnd.DragSourceDropEvent","name":"event","comment":"","type_short":"DragSourceDropEvent"}],"throws":[],"return":{"type_long":"void","comment":"","type_short":"void"}},{"javadoc":"","static":false,"name":"dragEnter","comment":"","params":[{"type_long":"java.awt.dnd.DragSourceDragEvent","name":"event","comment":"","type_short":"DragSourceDragEvent"}],"throws":[],"return":{"type_long":"void","comment":"","type_short":"void"}},{"javadoc":"","static":false,"name":"dragExit","comment":"","params":[{"type_long":"java.awt.dnd.DragSourceEvent","name":"event","comment":"","type_short":"DragSourceEvent"}],"throws":[],"return":{"type_long":"void","comment":"","type_short":"void"}},{"javadoc":"","static":false,"name":"dragOver","comment":"","params":[{"type_long":"java.awt.dnd.DragSourceDragEvent","name":"event","comment":"","type_short":"DragSourceDragEvent"}],"throws":[],"return":{"type_long":"void","comment":"","type_short":"void"}},{"javadoc":"","static":false,"name":"dropActionChanged","comment":"","params":[{"type_long":"java.awt.dnd.DragSourceDragEvent","name":"event","comment":"","type_short":"DragSourceDragEvent"}],"throws":[],"return":{"type_long":"void","comment":"","type_short":"void"}}],"name":"DockableHeader","comment":"Component for providing component titles and toolbar. Also provides Drag\n source functionality.","fields":[]}
