{"implements":["java.awt.event.ContainerListener"],"javadoc":"Wrapper class for user components. Adds the title, local toolbar and provides the drag target\n functionality.","static":false,"extends":"javax.swing.JPanel","methods":[{"javadoc":"","static":false,"name":"getHeader","comment":"","params":[],"throws":[],"return":{"type_long":"docking.DockableHeader","comment":"","type_short":"DockableHeader"}},{"javadoc":"","static":false,"name":"getFocusedComponent","comment":"","params":[],"throws":[],"return":{"type_long":"java.awt.Component","comment":"","type_short":"Component"}},{"javadoc":"@see java.awt.Component#getMinimumSize()","static":false,"name":"getMinimumSize","comment":"","params":[],"throws":[],"return":{"type_long":"java.awt.Dimension","comment":"","type_short":"Dimension"}},{"javadoc":"Returns the info object associated with this DockableComponent.","static":false,"name":"getComponentWindowingPlaceholder","comment":"Returns the info object associated with this DockableComponent.","params":[],"throws":[],"return":{"type_long":"docking.ComponentPlaceholder","comment":"","type_short":"ComponentPlaceholder"}},{"javadoc":"","static":false,"name":"toString","comment":"","params":[],"throws":[],"return":{"type_long":"java.lang.String","comment":"","type_short":"String"}},{"javadoc":"","static":false,"name":"installDragDropTarget","comment":"","params":[{"type_long":"java.awt.Component","name":"component","comment":"","type_short":"Component"}],"throws":[],"return":{"type_long":"void","comment":"","type_short":"void"}},{"javadoc":"","static":false,"name":"requestFocus","comment":"","params":[],"throws":[],"return":{"type_long":"void","comment":"","type_short":"void"}},{"javadoc":"@see java.awt.event.ContainerListener#componentAdded(java.awt.event.ContainerEvent)","static":false,"name":"componentAdded","comment":"","params":[{"type_long":"java.awt.event.ContainerEvent","name":"e","comment":"","type_short":"ContainerEvent"}],"throws":[],"return":{"type_long":"void","comment":"","type_short":"void"}},{"javadoc":"@see java.awt.event.ContainerListener#componentRemoved(java.awt.event.ContainerEvent)","static":false,"name":"componentRemoved","comment":"","params":[{"type_long":"java.awt.event.ContainerEvent","name":"e","comment":"","type_short":"ContainerEvent"}],"throws":[],"return":{"type_long":"void","comment":"","type_short":"void"}}],"name":"DockableComponent","comment":"Wrapper class for user components. Adds the title, local toolbar and provides the drag target\n functionality.","fields":[{"type_long":"docking.DockableComponent.DropCode","javadoc":"","static":true,"name":"DROP_CODE","comment":"","type_short":"DropCode","constant_value":null},{"type_long":"docking.ComponentPlaceholder","javadoc":"","static":true,"name":"TARGET_INFO","comment":"","type_short":"ComponentPlaceholder","constant_value":null},{"type_long":"docking.ComponentPlaceholder","javadoc":"","static":true,"name":"DRAGGED_OVER_INFO","comment":"","type_short":"ComponentPlaceholder","constant_value":null},{"type_long":"docking.ComponentPlaceholder","javadoc":"","static":true,"name":"SOURCE_INFO","comment":"","type_short":"ComponentPlaceholder","constant_value":null},{"type_long":"boolean","javadoc":"","static":true,"name":"DROP_CODE_SET","comment":"","type_short":"boolean","constant_value":null}]}
