{"implements":[],"javadoc":"","static":false,"extends":"docking.test.AbstractDockingTest","methods":[{"javadoc":"","static":false,"name":"<init>","comment":"","params":[],"throws":[],"return":{"type_long":"void","comment":"","type_short":"void"}},{"javadoc":"","static":false,"name":"testDefaultErrorDisplay_SingleException","comment":"","params":[],"throws":[],"return":{"type_long":"void","comment":"","type_short":"void"}},{"javadoc":"","static":false,"name":"testDefaultErrorDisplay_NestedException","comment":"","params":[],"throws":[],"return":{"type_long":"void","comment":"","type_short":"void"}},{"javadoc":"","static":false,"name":"testMultipleCausesErrorDisplay","comment":"","params":[],"throws":[],"return":{"type_long":"void","comment":"","type_short":"void"}}],"name":"DockingErrorDisplayTest","comment":"","fields":[]}
