{"implements":[],"javadoc":"Manages the global actions for the menu and toolbar.","static":false,"extends":"java.lang.Object","methods":[{"javadoc":"","static":false,"name":"getAllDockingActionsByFullActionName","comment":"","params":[{"type_long":"java.lang.String","name":"fullActionName","comment":"","type_short":"String"}],"throws":[],"return":{"type_long":"java.util.List<docking.action.DockingActionIf>","comment":"","type_short":"List"}},{"javadoc":"","static":false,"name":"getDockingKeyAction","comment":"","params":[{"type_long":"javax.swing.KeyStroke","name":"keyStroke","comment":"","type_short":"KeyStroke"}],"throws":[],"return":{"type_long":"javax.swing.Action","comment":"","type_short":"Action"}},{"javadoc":"","static":false,"name":"getMenuGroupMap","comment":"","params":[],"throws":[],"return":{"type_long":"docking.menu.MenuGroupMap","comment":"","type_short":"MenuGroupMap"}},{"javadoc":"","static":false,"name":"showPopupMenu","comment":"","params":[{"type_long":"docking.ComponentPlaceholder","name":"componentInfo","comment":"","type_short":"ComponentPlaceholder"},{"type_long":"java.awt.event.MouseEvent","name":"e","comment":"","type_short":"MouseEvent"}],"throws":[],"return":{"type_long":"void","comment":"","type_short":"void"}}],"name":"DockingActionManager","comment":"Manages the global actions for the menu and toolbar.","fields":[]}
