{"implements":[],"javadoc":"This class mainly serves as a conduit through which testing code can access some of the \n non-public internals of {@link DockingWindowManager}, without opening up its interface to the\n public <b>and<\/b> without using reflective magic.","static":false,"extends":"java.lang.Object","methods":[{"javadoc":"","static":false,"name":"<init>","comment":"","params":[],"throws":[],"return":{"type_long":"void","comment":"","type_short":"void"}},{"javadoc":"","static":true,"name":"getActiveProviders","comment":"","params":[{"type_long":"docking.DockingWindowManager","name":"dwm","comment":"","type_short":"DockingWindowManager"}],"throws":[],"return":{"type_long":"java.util.Set<docking.ComponentProvider>","comment":"","type_short":"Set"}},{"javadoc":"Moves the given provider to its own window, at its current location.\n@param provider the provider to move\n@return the provider's window","static":true,"name":"moveProviderToWindow","comment":"Moves the given provider to its own window, at its current location.","params":[{"type_long":"docking.DockingWindowManager","name":"dwm","comment":"","type_short":"DockingWindowManager"},{"type_long":"docking.ComponentProvider","name":"provider","comment":"the provider to move","type_short":"ComponentProvider"}],"throws":[],"return":{"type_long":"java.awt.Window","comment":"the provider's window","type_short":"Window"}},{"javadoc":"","static":true,"name":"moveProvider","comment":"","params":[{"type_long":"docking.DockingWindowManager","name":"dwm","comment":"","type_short":"DockingWindowManager"},{"type_long":"docking.ComponentProvider","name":"movee","comment":"","type_short":"ComponentProvider"},{"type_long":"docking.ComponentProvider","name":"relativeTo","comment":"","type_short":"ComponentProvider"},{"type_long":"docking.WindowPosition","name":"position","comment":"","type_short":"WindowPosition"}],"throws":[],"return":{"type_long":"void","comment":"","type_short":"void"}},{"javadoc":"","static":true,"name":"getDockableComponent","comment":"","params":[{"type_long":"docking.DockingWindowManager","name":"dwm","comment":"","type_short":"DockingWindowManager"},{"type_long":"docking.ComponentProvider","name":"provider","comment":"","type_short":"ComponentProvider"}],"throws":[],"return":{"type_long":"docking.DockableComponent","comment":"","type_short":"DockableComponent"}}],"name":"DockingWindowManagerTestUtils","comment":"This class mainly serves as a conduit through which testing code can access some of the \n non-public internals of DockingWindowManager, without opening up its interface to the\n public and without using reflective magic.","fields":[]}
