{"implements":[],"javadoc":"Base JFrame to be used by the root window and detached windows if they are using frames\n\n Also fixed:\n <ol>\n  <li>Swing problem of setting bounds before the frame is visible causes slow paints\n \tif the bounds position is not on the primary display, <\/li>\n <\/ol>","static":false,"extends":"javax.swing.JFrame","methods":[{"javadoc":"","static":false,"name":"<init>","comment":"","params":[{"type_long":"java.lang.String","name":"name","comment":"","type_short":"String"}],"throws":[],"return":{"type_long":"void","comment":"","type_short":"void"}},{"javadoc":"","static":false,"name":"toString","comment":"","params":[],"throws":[],"return":{"type_long":"java.lang.String","comment":"","type_short":"String"}}],"name":"DockingFrame","comment":"Base JFrame to be used by the root window and detached windows if they are using frames\n\n Also fixed:\n \n  Swing problem of setting bounds before the frame is visible causes slow paints\n \tif the bounds position is not on the primary display, \n ","fields":[]}
