{"implements":[],"javadoc":"A re-usable floating text edit window.","static":false,"extends":"javax.swing.JWindow","methods":[{"javadoc":"@see java.awt.Window#isActive()","static":false,"name":"isActive","comment":"","params":[],"throws":[],"return":{"type_long":"boolean","comment":"","type_short":"boolean"}},{"javadoc":"@see java.awt.Component#setVisible(boolean)","static":false,"name":"setVisible","comment":"","params":[{"type_long":"boolean","name":"state","comment":"","type_short":"boolean"}],"throws":[],"return":{"type_long":"void","comment":"","type_short":"void"}}],"name":"EditWindow","comment":"A re-usable floating text edit window.","fields":[]}
