{"implements":[],"javadoc":"","static":false,"extends":"docking.widgets.EmptyBorderButton","methods":[{"javadoc":"","static":false,"name":"<init>","comment":"","params":[],"throws":[],"return":{"type_long":"void","comment":"","type_short":"void"}},{"javadoc":"","static":false,"name":"<init>","comment":"","params":[{"type_long":"javax.swing.Icon","name":"icon","comment":"","type_short":"Icon"}],"throws":[],"return":{"type_long":"void","comment":"","type_short":"void"}},{"javadoc":"","static":false,"name":"<init>","comment":"","params":[{"type_long":"docking.action.DockingActionIf","name":"action","comment":"","type_short":"DockingActionIf"}],"throws":[],"return":{"type_long":"void","comment":"","type_short":"void"}},{"javadoc":"","static":false,"name":"removeListeners","comment":"","params":[],"throws":[],"return":{"type_long":"void","comment":"","type_short":"void"}},{"javadoc":"","static":false,"name":"clearBorder","comment":"","params":[],"throws":[],"return":{"type_long":"void","comment":"","type_short":"void"}},{"javadoc":"","static":false,"name":"raiseBorder","comment":"","params":[],"throws":[],"return":{"type_long":"void","comment":"","type_short":"void"}},{"javadoc":"","static":false,"name":"setIcon","comment":"","params":[{"type_long":"javax.swing.Icon","name":"newIcon","comment":"","type_short":"Icon"}],"throws":[],"return":{"type_long":"void","comment":"","type_short":"void"}},{"javadoc":"","static":false,"name":"setSelected","comment":"","params":[{"type_long":"boolean","name":"b","comment":"","type_short":"boolean"}],"throws":[],"return":{"type_long":"void","comment":"","type_short":"void"}},{"javadoc":"Changes the button's state to the opposite of its current state.  Calling this method \n will also trigger a callback to the button's {@link Action#actionPerformed(ActionEvent)}\n method.","static":false,"name":"toggle","comment":"Changes the button's state to the opposite of its current state.  Calling this method \n will also trigger a callback to the button's Action#actionPerformed(ActionEvent)\n method.","params":[],"throws":[],"return":{"type_long":"void","comment":"","type_short":"void"}}],"name":"EmptyBorderToggleButton","comment":"","fields":[]}
