{"implements":[],"javadoc":"","static":false,"extends":"docking.DialogComponentProvider","methods":[{"javadoc":"","static":true,"name":"createExceptionDialog","comment":"","params":[{"type_long":"java.lang.String","name":"title","comment":"","type_short":"String"},{"type_long":"java.lang.String","name":"message","comment":"","type_short":"String"},{"type_long":"java.lang.String","name":"details","comment":"","type_short":"String"}],"throws":[],"return":{"type_long":"docking.ErrLogDialog","comment":"","type_short":"ErrLogDialog"}},{"javadoc":"","static":true,"name":"createLogMessageDialog","comment":"","params":[{"type_long":"java.lang.String","name":"title","comment":"","type_short":"String"},{"type_long":"java.lang.String","name":"message","comment":"","type_short":"String"},{"type_long":"java.lang.String","name":"details","comment":"","type_short":"String"}],"throws":[],"return":{"type_long":"docking.ErrLogDialog","comment":"","type_short":"ErrLogDialog"}},{"javadoc":"","static":true,"name":"setErrorReporter","comment":"","params":[{"type_long":"docking.ErrorReporter","name":"errorReporter","comment":"","type_short":"ErrorReporter"}],"throws":[],"return":{"type_long":"void","comment":"","type_short":"void"}},{"javadoc":"","static":true,"name":"getErrorReporter","comment":"","params":[],"throws":[],"return":{"type_long":"docking.ErrorReporter","comment":"","type_short":"ErrorReporter"}}],"name":"ErrLogDialog","comment":"","fields":[]}
