{"implements":[],"javadoc":"","static":false,"extends":"docking.DialogComponentProvider","methods":[{"javadoc":"","static":false,"name":"<init>","comment":"","params":[{"type_long":"java.lang.String","name":"title","comment":"","type_short":"String"},{"type_long":"java.lang.String","name":"msg","comment":"","type_short":"String"},{"type_long":"ghidra.util.exception.MultipleCauses","name":"mc","comment":"","type_short":"MultipleCauses"}],"throws":[],"return":{"type_long":"void","comment":"","type_short":"void"}},{"javadoc":"","static":false,"name":"<init>","comment":"","params":[{"type_long":"java.lang.String","name":"title","comment":"","type_short":"String"},{"type_long":"java.lang.String","name":"msg","comment":"","type_short":"String"},{"type_long":"java.lang.Throwable","name":"exc","comment":"","type_short":"Throwable"}],"throws":[],"return":{"type_long":"void","comment":"","type_short":"void"}},{"javadoc":"","static":false,"name":"<init>","comment":"","params":[{"type_long":"java.lang.String","name":"title","comment":"","type_short":"String"},{"type_long":"java.lang.String","name":"msg","comment":"","type_short":"String"},{"type_long":"java.util.Collection<java.lang.Throwable>","name":"report","comment":"","type_short":"Collection"}],"throws":[],"return":{"type_long":"void","comment":"","type_short":"void"}},{"javadoc":"","static":false,"name":"getPreferredSize","comment":"","params":[],"throws":[],"return":{"type_long":"java.awt.Dimension","comment":"","type_short":"Dimension"}}],"name":"ErrLogExpandableDialog","comment":"","fields":[{"type_long":"javax.swing.ImageIcon","javadoc":"","static":true,"name":"IMG_REPORT","comment":"","type_short":"ImageIcon","constant_value":null},{"type_long":"javax.swing.ImageIcon","javadoc":"","static":true,"name":"IMG_EXCEPTION","comment":"","type_short":"ImageIcon","constant_value":null},{"type_long":"javax.swing.ImageIcon","javadoc":"","static":true,"name":"IMG_FRAME_ELEMENT","comment":"","type_short":"ImageIcon","constant_value":null},{"type_long":"javax.swing.ImageIcon","javadoc":"","static":true,"name":"IMG_STACK","comment":"","type_short":"ImageIcon","constant_value":null},{"type_long":"javax.swing.ImageIcon","javadoc":"","static":true,"name":"IMG_CAUSE","comment":"","type_short":"ImageIcon","constant_value":null}]}
