{"implements":[],"javadoc":"","static":false,"extends":"java.lang.Object","methods":[{"javadoc":"","static":false,"name":"<init>","comment":"","params":[{"type_long":"docking.action.DockingActionIf","name":"action","comment":"","type_short":"DockingActionIf"},{"type_long":"docking.ActionContext","name":"context","comment":"","type_short":"ActionContext"}],"throws":[],"return":{"type_long":"void","comment":"","type_short":"void"}},{"javadoc":"","static":false,"name":"execute","comment":"","params":[],"throws":[],"return":{"type_long":"void","comment":"","type_short":"void"}},{"javadoc":"","static":false,"name":"getAction","comment":"","params":[],"throws":[],"return":{"type_long":"docking.action.DockingActionIf","comment":"","type_short":"DockingActionIf"}}],"name":"ExecutableKeyActionAdapter","comment":"","fields":[]}
