{"implements":[],"javadoc":"A Test Double of the {@link DockingTool} that provides minimal tool functionality, such\n as the {@link DockingWindowManager}","static":false,"extends":"docking.AbstractDockingTool","methods":[{"javadoc":"","static":false,"name":"<init>","comment":"","params":[],"throws":[],"return":{"type_long":"void","comment":"","type_short":"void"}},{"javadoc":"","static":false,"name":"getName","comment":"","params":[],"throws":[],"return":{"type_long":"java.lang.String","comment":"","type_short":"String"}},{"javadoc":"","static":false,"name":"getIcon","comment":"","params":[],"throws":[],"return":{"type_long":"javax.swing.ImageIcon","comment":"","type_short":"ImageIcon"}},{"javadoc":"","static":false,"name":"getOptions","comment":"","params":[{"type_long":"java.lang.String","name":"category","comment":"","type_short":"String"}],"throws":[],"return":{"type_long":"ghidra.framework.options.ToolOptions","comment":"","type_short":"ToolOptions"}}],"name":"FakeDockingTool","comment":"A Test Double of the DockingTool that provides minimal tool functionality, such\n as the DockingWindowManager","fields":[]}
