{"implements":[],"javadoc":"","static":false,"extends":"javax.swing.JPanel","methods":[{"javadoc":"","static":false,"name":"<init>","comment":"","params":[],"throws":[],"return":{"type_long":"void","comment":"","type_short":"void"}},{"javadoc":"","static":false,"name":"<init>","comment":"","params":[{"type_long":"java.awt.Color","name":"nonFocusColor","comment":"","type_short":"Color"},{"type_long":"java.awt.Color","name":"focusColor","comment":"","type_short":"Color"}],"throws":[],"return":{"type_long":"void","comment":"","type_short":"void"}},{"javadoc":"","static":false,"name":"dispose","comment":"","params":[],"throws":[],"return":{"type_long":"void","comment":"","type_short":"void"}},{"javadoc":"","static":false,"name":"getPreferredSize","comment":"","params":[],"throws":[],"return":{"type_long":"java.awt.Dimension","comment":"","type_short":"Dimension"}},{"javadoc":"Signals whether or not to break the toolbar actions into multiple rows.  The default is\n to wrap as necessary.","static":false,"name":"setNoWrapToolbar","comment":"Signals whether or not to break the toolbar actions into multiple rows.  The default is\n to wrap as necessary.","params":[{"type_long":"boolean","name":"noWrap","comment":"","type_short":"boolean"}],"throws":[],"return":{"type_long":"void","comment":"","type_short":"void"}},{"javadoc":"","static":false,"name":"requestFocus","comment":"","params":[],"throws":[],"return":{"type_long":"void","comment":"","type_short":"void"}},{"javadoc":"","static":false,"name":"update","comment":"","params":[],"throws":[],"return":{"type_long":"void","comment":"","type_short":"void"}},{"javadoc":"updates the toolbar to include the new action.\n@param action the action that was added.","static":false,"name":"actionAdded","comment":"updates the toolbar to include the new action.","params":[{"type_long":"docking.action.DockingActionIf","name":"action","comment":"the action that was added.","type_short":"DockingActionIf"}],"throws":[],"return":{"type_long":"void","comment":"","type_short":"void"}},{"javadoc":"updates the toolbar to remove the given action.\n@param action the action that was removed.","static":false,"name":"actionRemoved","comment":"updates the toolbar to remove the given action.","params":[{"type_long":"docking.action.DockingActionIf","name":"action","comment":"the action that was removed.","type_short":"DockingActionIf"}],"throws":[],"return":{"type_long":"void","comment":"","type_short":"void"}},{"javadoc":"","static":false,"name":"getAction","comment":"","params":[{"type_long":"java.lang.String","name":"name","comment":"","type_short":"String"}],"throws":[],"return":{"type_long":"docking.action.DockingActionIf","comment":"","type_short":"DockingActionIf"}},{"javadoc":"","static":false,"name":"getToolBarWidth","comment":"","params":[],"throws":[],"return":{"type_long":"int","comment":"","type_short":"int"}},{"javadoc":"Sets the focus state of the component so that a visual clue can be displayed.\n@param hasFocus true if the this component has focus, false otherwise.","static":false,"name":"setSelected","comment":"Sets the focus state of the component so that a visual clue can be displayed.","params":[{"type_long":"boolean","name":"hasFocus","comment":"true if the this component has focus, false otherwise.","type_short":"boolean"}],"throws":[],"return":{"type_long":"void","comment":"","type_short":"void"}},{"javadoc":"","static":false,"name":"isSelected","comment":"","params":[],"throws":[],"return":{"type_long":"boolean","comment":"","type_short":"boolean"}},{"javadoc":"Sets the title displayed within the header\n@param title","static":false,"name":"setTitle","comment":"Sets the title displayed within the header","params":[{"type_long":"java.lang.String","name":"title","comment":"","type_short":"String"}],"throws":[],"return":{"type_long":"void","comment":"","type_short":"void"}},{"javadoc":"","static":false,"name":"setIcon","comment":"","params":[{"type_long":"javax.swing.Icon","name":"icon","comment":"","type_short":"Icon"}],"throws":[],"return":{"type_long":"void","comment":"","type_short":"void"}},{"javadoc":"","static":false,"name":"setColor","comment":"","params":[{"type_long":"java.awt.Color","name":"color","comment":"","type_short":"Color"}],"throws":[],"return":{"type_long":"void","comment":"","type_short":"void"}},{"javadoc":"","static":false,"name":"setComponent","comment":"","params":[{"type_long":"java.awt.Component","name":"component","comment":"","type_short":"Component"}],"throws":[],"return":{"type_long":"void","comment":"","type_short":"void"}}],"name":"GenericHeader","comment":"","fields":[]}
