{"implements":["docking.DockingWindowListener"],"javadoc":"","static":false,"extends":"java.lang.Object","methods":[{"javadoc":"","static":false,"name":"<init>","comment":"","params":[{"type_long":"docking.DockingWindowManager","name":"windowManager","comment":"","type_short":"DockingWindowManager"},{"type_long":"docking.menu.MenuHandler","name":"menuHandler","comment":"","type_short":"MenuHandler"},{"type_long":"docking.menu.MenuGroupMap","name":"menuGroupMap","comment":"","type_short":"MenuGroupMap"}],"throws":[],"return":{"type_long":"void","comment":"","type_short":"void"}},{"javadoc":"","static":false,"name":"addAction","comment":"","params":[{"type_long":"docking.action.DockingActionIf","name":"action","comment":"","type_short":"DockingActionIf"}],"throws":[],"return":{"type_long":"void","comment":"","type_short":"void"}},{"javadoc":"","static":false,"name":"removeAction","comment":"","params":[{"type_long":"docking.action.DockingActionIf","name":"action","comment":"","type_short":"DockingActionIf"}],"throws":[],"return":{"type_long":"void","comment":"","type_short":"void"}},{"javadoc":"","static":false,"name":"update","comment":"","params":[],"throws":[],"return":{"type_long":"void","comment":"","type_short":"void"}},{"javadoc":"","static":false,"name":"dispose","comment":"","params":[],"throws":[],"return":{"type_long":"void","comment":"","type_short":"void"}},{"javadoc":"","static":false,"name":"dockingWindowAdded","comment":"","params":[{"type_long":"docking.WindowNode","name":"windowNode","comment":"","type_short":"WindowNode"}],"throws":[],"return":{"type_long":"void","comment":"","type_short":"void"}},{"javadoc":"","static":false,"name":"dockingWindowRemoved","comment":"","params":[{"type_long":"docking.WindowNode","name":"windowNode","comment":"","type_short":"WindowNode"}],"throws":[],"return":{"type_long":"void","comment":"","type_short":"void"}},{"javadoc":"","static":false,"name":"dockingWindowChanged","comment":"","params":[{"type_long":"docking.WindowNode","name":"windowNode","comment":"","type_short":"WindowNode"}],"throws":[],"return":{"type_long":"void","comment":"","type_short":"void"}},{"javadoc":"","static":false,"name":"dockingWindowFocusChanged","comment":"","params":[{"type_long":"docking.WindowNode","name":"windowNode","comment":"","type_short":"WindowNode"}],"throws":[],"return":{"type_long":"void","comment":"","type_short":"void"}},{"javadoc":"","static":false,"name":"contextChangedAll","comment":"","params":[],"throws":[],"return":{"type_long":"void","comment":"","type_short":"void"}},{"javadoc":"","static":false,"name":"contextChanged","comment":"","params":[{"type_long":"docking.ComponentPlaceholder","name":"placeHolder","comment":"","type_short":"ComponentPlaceholder"}],"throws":[],"return":{"type_long":"void","comment":"","type_short":"void"}}],"name":"GlobalMenuAndToolBarManager","comment":"","fields":[]}
