{"implements":[],"javadoc":"Hack to fix:\n <ol>\n  <li>JFrames cannot be invisible<\/li>\n <\/ol>","static":false,"extends":"docking.DockingFrame","methods":[{"javadoc":"","static":false,"name":"<init>","comment":"","params":[{"type_long":"java.lang.String","name":"name","comment":"","type_short":"String"}],"throws":[],"return":{"type_long":"void","comment":"","type_short":"void"}},{"javadoc":"","static":false,"name":"show","comment":"","params":[],"throws":[],"return":{"type_long":"void","comment":"","type_short":"void"}}],"name":"HiddenDockingFrame","comment":"Hack to fix:\n \n  JFrames cannot be invisible\n ","fields":[]}
