{"implements":["java.beans.PropertyChangeListener"],"javadoc":"","static":false,"extends":"java.lang.Object","methods":[{"javadoc":"","static":false,"name":"<init>","comment":"","params":[{"type_long":"docking.DockingWindowManager","name":"winMgr","comment":"","type_short":"DockingWindowManager"}],"throws":[],"return":{"type_long":"void","comment":"","type_short":"void"}},{"javadoc":"","static":false,"name":"addAction","comment":"","params":[{"type_long":"docking.action.DockingActionIf","name":"action","comment":"","type_short":"DockingActionIf"},{"type_long":"docking.ComponentProvider","name":"optionalProvider","comment":"","type_short":"ComponentProvider"}],"throws":[],"return":{"type_long":"void","comment":"","type_short":"void"}},{"javadoc":"","static":false,"name":"addReservedAction","comment":"","params":[{"type_long":"docking.action.DockingActionIf","name":"action","comment":"","type_short":"DockingActionIf"}],"throws":[],"return":{"type_long":"void","comment":"","type_short":"void"}},{"javadoc":"","static":false,"name":"removeAction","comment":"","params":[{"type_long":"docking.action.DockingActionIf","name":"action","comment":"","type_short":"DockingActionIf"}],"throws":[],"return":{"type_long":"void","comment":"","type_short":"void"}},{"javadoc":"","static":false,"name":"propertyChange","comment":"","params":[{"type_long":"java.beans.PropertyChangeEvent","name":"evt","comment":"","type_short":"PropertyChangeEvent"}],"throws":[],"return":{"type_long":"void","comment":"","type_short":"void"}},{"javadoc":"","static":false,"name":"getLocalActions","comment":"","params":[],"throws":[],"return":{"type_long":"java.util.List<docking.action.DockingActionIf>","comment":"","type_short":"List"}},{"javadoc":"","static":false,"name":"getDockingKeyAction","comment":"","params":[{"type_long":"javax.swing.KeyStroke","name":"keyStroke","comment":"","type_short":"KeyStroke"}],"throws":[],"return":{"type_long":"javax.swing.Action","comment":"","type_short":"Action"}},{"javadoc":"","static":false,"name":"dispose","comment":"","params":[],"throws":[],"return":{"type_long":"void","comment":"","type_short":"void"}}],"name":"KeyBindingsManager","comment":"","fields":[]}
