{"implements":[],"javadoc":"Text field captures key strokes and notifies a listener to process the key entry.","static":false,"extends":"javax.swing.JTextField","methods":[{"javadoc":"Construct a new entry text field.\n@param columns number of columns in the text field\n@param listener listener that is notified when the a key is pressed","static":false,"name":"<init>","comment":"Construct a new entry text field.","params":[{"type_long":"int","name":"columns","comment":"number of columns in the text field","type_short":"int"},{"type_long":"docking.KeyEntryListener","name":"listener","comment":"listener that is notified when the a key is pressed","type_short":"KeyEntryListener"}],"throws":[],"return":{"type_long":"void","comment":"","type_short":"void"}},{"javadoc":"Get the current key stroke.","static":false,"name":"getCurrentKeyStroke","comment":"Get the current key stroke.","params":[],"throws":[],"return":{"type_long":"javax.swing.KeyStroke","comment":"","type_short":"KeyStroke"}},{"javadoc":"Converts the toString() form of the keyStroke, e.g., Ctrl-M\n is returned as \"keyCode CtrlM-P\" and we want it to look like:\n \"Ctrl-M\"\n@param ks the keystroke to parse.\n@return the parse string for the keystroke.","static":true,"name":"parseKeyStroke","comment":"Converts the toString() form of the keyStroke, e.g., Ctrl-M\n is returned as \"keyCode CtrlM-P\" and we want it to look like:\n \"Ctrl-M\"","params":[{"type_long":"javax.swing.KeyStroke","name":"ks","comment":"the keystroke to parse.","type_short":"KeyStroke"}],"throws":[],"return":{"type_long":"java.lang.String","comment":"the parse string for the keystroke.","type_short":"String"}},{"javadoc":"","static":false,"name":"clearField","comment":"","params":[],"throws":[],"return":{"type_long":"void","comment":"","type_short":"void"}}],"name":"KeyEntryTextField","comment":"Text field captures key strokes and notifies a listener to process the key entry.","fields":[]}
