{"implements":[],"javadoc":"","static":false,"extends":"docking.menu.MenuHandler","methods":[{"javadoc":"","static":false,"name":"<init>","comment":"","params":[{"type_long":"docking.DockingWindowManager","name":"windowManager","comment":"","type_short":"DockingWindowManager"}],"throws":[],"return":{"type_long":"void","comment":"","type_short":"void"}},{"javadoc":"","static":false,"name":"menuItemEntered","comment":"","params":[{"type_long":"docking.action.DockingActionIf","name":"action","comment":"","type_short":"DockingActionIf"}],"throws":[],"return":{"type_long":"void","comment":"","type_short":"void"}},{"javadoc":"","static":false,"name":"menuItemExited","comment":"","params":[{"type_long":"docking.action.DockingActionIf","name":"action","comment":"","type_short":"DockingActionIf"}],"throws":[],"return":{"type_long":"void","comment":"","type_short":"void"}},{"javadoc":"","static":false,"name":"processMenuAction","comment":"","params":[{"type_long":"docking.action.DockingActionIf","name":"action","comment":"","type_short":"DockingActionIf"},{"type_long":"java.awt.event.ActionEvent","name":"event","comment":"","type_short":"ActionEvent"}],"throws":[],"return":{"type_long":"void","comment":"","type_short":"void"}}],"name":"MenuBarMenuHandler","comment":"","fields":[]}
