{"implements":[],"javadoc":"","static":false,"extends":"generic.test.AbstractGenericTest","methods":[{"javadoc":"","static":false,"name":"<init>","comment":"","params":[],"throws":[],"return":{"type_long":"void","comment":"","type_short":"void"}},{"javadoc":"","static":false,"name":"testDedupingRestoredPlaceholders_FirstShowing_SecondHidden","comment":"","params":[],"throws":[],"return":{"type_long":"void","comment":"","type_short":"void"}},{"javadoc":"","static":false,"name":"testDedupingRestoredPlaceholders_FirstHidden_SecondShowing","comment":"","params":[],"throws":[],"return":{"type_long":"void","comment":"","type_short":"void"}},{"javadoc":"","static":false,"name":"testDedupingRestoredPlaceholders_OnlyOneHidden","comment":"","params":[],"throws":[],"return":{"type_long":"void","comment":"","type_short":"void"}},{"javadoc":"","static":false,"name":"testDedupingRestoredPlaceholders_TwoShowing","comment":"","params":[],"throws":[],"return":{"type_long":"void","comment":"","type_short":"void"}},{"javadoc":"","static":false,"name":"testDedupingRestoredPlaceholders_TwoHidden","comment":"","params":[],"throws":[],"return":{"type_long":"void","comment":"","type_short":"void"}},{"javadoc":"","static":false,"name":"testRegisterPlaceholders_BrandNew","comment":"","params":[],"throws":[],"return":{"type_long":"void","comment":"","type_short":"void"}},{"javadoc":"","static":false,"name":"testRegisterPlaceholders_WasInUnusedList","comment":"","params":[],"throws":[],"return":{"type_long":"void","comment":"","type_short":"void"}},{"javadoc":"","static":false,"name":"testFreePlaceholders","comment":"","params":[],"throws":[],"return":{"type_long":"void","comment":"","type_short":"void"}}],"name":"PlaceholderSetTest","comment":"","fields":[]}
