{"implements":["java.beans.PropertyChangeListener"],"javadoc":"","static":false,"extends":"java.lang.Object","methods":[{"javadoc":"","static":false,"name":"<init>","comment":"","params":[{"type_long":"docking.DockingWindowManager","name":"windowManager","comment":"","type_short":"DockingWindowManager"},{"type_long":"docking.menu.MenuGroupMap","name":"menuGroupMap","comment":"","type_short":"MenuGroupMap"}],"throws":[],"return":{"type_long":"void","comment":"","type_short":"void"}},{"javadoc":"","static":false,"name":"addAction","comment":"","params":[{"type_long":"docking.action.DockingActionIf","name":"action","comment":"","type_short":"DockingActionIf"}],"throws":[],"return":{"type_long":"void","comment":"","type_short":"void"}},{"javadoc":"","static":false,"name":"removeAction","comment":"","params":[{"type_long":"docking.action.DockingActionIf","name":"action","comment":"","type_short":"DockingActionIf"}],"throws":[],"return":{"type_long":"void","comment":"","type_short":"void"}},{"javadoc":"","static":false,"name":"propertyChange","comment":"","params":[{"type_long":"java.beans.PropertyChangeEvent","name":"evt","comment":"","type_short":"PropertyChangeEvent"}],"throws":[],"return":{"type_long":"void","comment":"","type_short":"void"}},{"javadoc":"","static":false,"name":"dispose","comment":"","params":[],"throws":[],"return":{"type_long":"void","comment":"","type_short":"void"}}],"name":"PopupActionManager","comment":"","fields":[]}
