{"implements":[],"javadoc":"","static":false,"extends":"docking.ShowComponentAction","methods":[{"javadoc":"","static":false,"name":"<init>","comment":"","params":[{"type_long":"docking.DockingWindowManager","name":"winMgr","comment":"","type_short":"DockingWindowManager"},{"type_long":"java.util.List<docking.ComponentPlaceholder>","name":"infoList","comment":"","type_short":"List"},{"type_long":"java.lang.String","name":"subMenuName","comment":"","type_short":"String"}],"throws":[],"return":{"type_long":"void","comment":"","type_short":"void"}},{"javadoc":"","static":false,"name":"actionPerformed","comment":"","params":[{"type_long":"docking.ActionContext","name":"context","comment":"","type_short":"ActionContext"}],"throws":[],"return":{"type_long":"void","comment":"","type_short":"void"}}],"name":"ShowAllComponentsAction","comment":"","fields":[]}
