{"implements":[],"javadoc":"","static":false,"extends":"javax.swing.JPanel","methods":[{"javadoc":"","static":false,"name":"<init>","comment":"","params":[{"type_long":"docking.SplitNode","name":"splitNode","comment":"","type_short":"SplitNode"},{"type_long":"java.awt.Component","name":"leftComp","comment":"","type_short":"Component"},{"type_long":"java.awt.Component","name":"rightComp","comment":"","type_short":"Component"},{"type_long":"boolean","name":"isHorizontal","comment":"","type_short":"boolean"}],"throws":[],"return":{"type_long":"void","comment":"","type_short":"void"}},{"javadoc":"","static":false,"name":"isLeft","comment":"","params":[{"type_long":"java.awt.Component","name":"c","comment":"","type_short":"Component"}],"throws":[],"return":{"type_long":"boolean","comment":"","type_short":"boolean"}},{"javadoc":"","static":false,"name":"setDividerPosition","comment":"","params":[{"type_long":"float","name":"newPosition","comment":"","type_short":"float"}],"throws":[],"return":{"type_long":"void","comment":"","type_short":"void"}}],"name":"SplitPanel","comment":"","fields":[]}
