{"implements":[],"javadoc":"Tests the {@link StatusBar} class.\n@since Tracker Id 323","static":false,"extends":"docking.test.AbstractDockingTest","methods":[{"javadoc":"Constructor to run the test passed as a parameter.\n@param testName The name of the test to run","static":false,"name":"<init>","comment":"Constructor to run the test passed as a parameter.","params":[],"throws":[],"return":{"type_long":"void","comment":"","type_short":"void"}},{"javadoc":"","static":false,"name":"setUp","comment":"","params":[],"throws":[{"type_long":"java.lang.Exception","comment":"","type_short":"Exception"}],"return":{"type_long":"void","comment":"","type_short":"void"}},{"javadoc":"","static":false,"name":"tearDown","comment":"","params":[],"throws":[{"type_long":"java.lang.Exception","comment":"","type_short":"Exception"}],"return":{"type_long":"void","comment":"","type_short":"void"}},{"javadoc":"","static":false,"name":"testAddAndRemoveStatusItem","comment":"","params":[],"throws":[],"return":{"type_long":"void","comment":"","type_short":"void"}},{"javadoc":"","static":false,"name":"testSetStatusText","comment":"","params":[],"throws":[],"return":{"type_long":"void","comment":"","type_short":"void"}}],"name":"StatusBarTest","comment":"Tests the StatusBar class.","fields":[]}
