{"implements":[],"javadoc":"A class to handle the space requirements on the status bar that vary for different OSes.  For \n example, the Mac requires extra space on the status bar, due to the drag icon the Mac uses.","static":false,"extends":"javax.swing.JLabel","methods":[{"javadoc":"","static":false,"name":"<init>","comment":"","params":[],"throws":[],"return":{"type_long":"void","comment":"","type_short":"void"}}],"name":"StatusBarSpacer","comment":"A class to handle the space requirements on the status bar that vary for different OSes.  For \n example, the Mac requires extra space on the status bar, due to the drag icon the Mac uses.","fields":[]}
