{"implements":[],"javadoc":"Provides a status bar panel which has a text area to the left.  The status bar may\n customized with additional status components added to the right of the status text.","static":false,"extends":"javax.swing.JPanel","methods":[{"javadoc":"","static":false,"name":"getPreferredSize","comment":"","params":[],"throws":[],"return":{"type_long":"java.awt.Dimension","comment":"","type_short":"Dimension"}},{"javadoc":"Remove the specified status item.\n@param c status component previously added.","static":false,"name":"removeStatusItem","comment":"Remove the specified status item.","params":[{"type_long":"javax.swing.JComponent","name":"c","comment":"status component previously added.","type_short":"JComponent"}],"throws":[],"return":{"type_long":"void","comment":"","type_short":"void"}},{"javadoc":"","static":false,"name":"setStatusText","comment":"","params":[{"type_long":"java.lang.String","name":"text","comment":"","type_short":"String"},{"type_long":"boolean","name":"isActiveWindow","comment":"","type_short":"boolean"}],"throws":[],"return":{"type_long":"void","comment":"","type_short":"void"}},{"javadoc":"","static":false,"name":"clearStatusMessages","comment":"","params":[],"throws":[],"return":{"type_long":"void","comment":"","type_short":"void"}},{"javadoc":"Overridden to update the tooltip text to display a small history of\n status messages.\n@return The new tooltip text.\n@see javax.swing.JComponent#getToolTipText()","static":false,"name":"getToolTipText","comment":"Overridden to update the tooltip text to display a small history of\n status messages.","params":[],"throws":[],"return":{"type_long":"java.lang.String","comment":"The new tooltip text.","type_short":"String"}}],"name":"StatusBar","comment":"Provides a status bar panel which has a text area to the left.  The status bar may\n customized with additional status components added to the right of the status text.","fields":[]}
