{"implements":["java.lang.Runnable"],"javadoc":"Calls a method on the Ghidra Dialog to get a TaskManager.\n The dialog shows a progress bar; this class schedules a task to run;\n when the task completes notify the dialog to hide the progress bar.","static":false,"extends":"java.lang.Object","methods":[{"javadoc":"@see java.lang.Runnable#run()","static":false,"name":"run","comment":"","params":[],"throws":[],"return":{"type_long":"void","comment":"","type_short":"void"}},{"javadoc":"Get the currently running thread.\n@return null if no thread is running.","static":false,"name":"getCurrentThread","comment":"Get the currently running thread.","params":[],"throws":[],"return":{"type_long":"java.lang.Thread","comment":"null if no thread is running.","type_short":"Thread"}},{"javadoc":"Blocks until the current task completes.","static":false,"name":"waitForCurrentTask","comment":"Blocks until the current task completes.","params":[],"throws":[],"return":{"type_long":"void","comment":"","type_short":"void"}},{"javadoc":"Returns true if this task scheduler is in the process of running a task or has a pending\n task.\n@return true if this task scheduler is in the process of running a task or has a pending\n task.","static":false,"name":"isBusy","comment":"Returns true if this task scheduler is in the process of running a task or has a pending\n task.","params":[],"throws":[],"return":{"type_long":"boolean","comment":"true if this task scheduler is in the process of running a task or has a pending\n task.","type_short":"boolean"}}],"name":"TaskScheduler","comment":"Calls a method on the Ghidra Dialog to get a TaskManager.\n The dialog shows a progress bar; this class schedules a task to run;\n when the task completes notify the dialog to hide the progress bar.","fields":[]}
