{"implements":[],"javadoc":"","static":false,"extends":"java.lang.Object","methods":[{"javadoc":"","static":false,"name":"getIndexedColumns","comment":"","params":[],"throws":[],"return":{"type_long":"int[]","comment":"","type_short":"int[]"}},{"javadoc":"","static":false,"name":"getColumnNames","comment":"","params":[],"throws":[],"return":{"type_long":"java.lang.String[]","comment":"","type_short":"java.lang.String[]"}},{"javadoc":"","static":false,"name":"getColumnClasses","comment":"","params":[],"throws":[],"return":{"type_long":"java.lang.Class<? extends db.Field>[]","comment":"","type_short":"java.lang.Class<? extends db.Field>[]"}}],"name":"TableDescriptor","comment":"","fields":[]}
