{"implements":[],"javadoc":"","static":false,"extends":"docking.widgets.tree.internal.DefaultGTreeDataTransformer","methods":[{"javadoc":"","static":false,"name":"<init>","comment":"","params":[],"throws":[],"return":{"type_long":"void","comment":"","type_short":"void"}},{"javadoc":"","static":false,"name":"transform","comment":"","params":[{"type_long":"docking.widgets.tree.GTreeNode","name":"node","comment":"","type_short":"GTreeNode"}],"throws":[],"return":{"type_long":"java.util.List<java.lang.String>","comment":"","type_short":"List"}}],"name":"OptionsDataTransformer","comment":"","fields":[]}
