{"implements":["javax.swing.Action","java.beans.PropertyChangeListener"],"javadoc":"","static":false,"extends":"java.lang.Object","methods":[{"javadoc":"","static":false,"name":"<init>","comment":"","params":[{"type_long":"docking.action.DockingActionIf","name":"dockingAction","comment":"","type_short":"DockingActionIf"},{"type_long":"docking.action.ActionContextProvider","name":"provider","comment":"","type_short":"ActionContextProvider"}],"throws":[],"return":{"type_long":"void","comment":"","type_short":"void"}},{"javadoc":"","static":false,"name":"setDefaultAction","comment":"","params":[{"type_long":"javax.swing.Action","name":"defaultAction","comment":"","type_short":"Action"}],"throws":[],"return":{"type_long":"void","comment":"","type_short":"void"}},{"javadoc":"","static":false,"name":"addPropertyChangeListener","comment":"","params":[{"type_long":"java.beans.PropertyChangeListener","name":"listener","comment":"","type_short":"PropertyChangeListener"}],"throws":[],"return":{"type_long":"void","comment":"","type_short":"void"}},{"javadoc":"","static":false,"name":"getValue","comment":"","params":[{"type_long":"java.lang.String","name":"key","comment":"","type_short":"String"}],"throws":[],"return":{"type_long":"java.lang.Object","comment":"","type_short":"Object"}},{"javadoc":"","static":false,"name":"isEnabled","comment":"","params":[],"throws":[],"return":{"type_long":"boolean","comment":"","type_short":"boolean"}},{"javadoc":"","static":false,"name":"putValue","comment":"","params":[{"type_long":"java.lang.String","name":"key","comment":"","type_short":"String"},{"type_long":"java.lang.Object","name":"value","comment":"","type_short":"Object"}],"throws":[],"return":{"type_long":"void","comment":"","type_short":"void"}},{"javadoc":"","static":false,"name":"removePropertyChangeListener","comment":"","params":[{"type_long":"java.beans.PropertyChangeListener","name":"listener","comment":"","type_short":"PropertyChangeListener"}],"throws":[],"return":{"type_long":"void","comment":"","type_short":"void"}},{"javadoc":"","static":false,"name":"setEnabled","comment":"","params":[{"type_long":"boolean","name":"b","comment":"","type_short":"boolean"}],"throws":[],"return":{"type_long":"void","comment":"","type_short":"void"}},{"javadoc":"","static":false,"name":"actionPerformed","comment":"","params":[{"type_long":"java.awt.event.ActionEvent","name":"e","comment":"","type_short":"ActionEvent"}],"throws":[],"return":{"type_long":"void","comment":"","type_short":"void"}},{"javadoc":"","static":false,"name":"propertyChange","comment":"","params":[{"type_long":"java.beans.PropertyChangeEvent","name":"evt","comment":"","type_short":"PropertyChangeEvent"}],"throws":[],"return":{"type_long":"void","comment":"","type_short":"void"}}],"name":"ActionAdapter","comment":"","fields":[]}
