{"implements":["javax.swing.Icon"],"javadoc":"","static":false,"extends":"java.lang.Object","methods":[{"javadoc":"","static":false,"name":"<init>","comment":"","params":[{"type_long":"java.util.List<javax.swing.Icon>","name":"icons","comment":"","type_short":"List"},{"type_long":"int","name":"frameDelay","comment":"","type_short":"int"},{"type_long":"int","name":"framesToSkip","comment":"","type_short":"int"}],"throws":[],"return":{"type_long":"void","comment":"","type_short":"void"}},{"javadoc":"","static":false,"name":"getIconHeight","comment":"","params":[],"throws":[],"return":{"type_long":"int","comment":"","type_short":"int"}},{"javadoc":"","static":false,"name":"getIconWidth","comment":"","params":[],"throws":[],"return":{"type_long":"int","comment":"","type_short":"int"}},{"javadoc":"","static":false,"name":"paintIcon","comment":"","params":[{"type_long":"java.awt.Component","name":"c","comment":"","type_short":"Component"},{"type_long":"java.awt.Graphics","name":"g","comment":"","type_short":"Graphics"},{"type_long":"int","name":"x","comment":"","type_short":"int"},{"type_long":"int","name":"y","comment":"","type_short":"int"}],"throws":[],"return":{"type_long":"void","comment":"","type_short":"void"}},{"javadoc":"","static":true,"name":"main","comment":"","params":[{"type_long":"java.lang.String[]","name":"args","comment":"","type_short":"java.lang.String[]"}],"throws":[],"return":{"type_long":"void","comment":"","type_short":"void"}}],"name":"AnimatedIcon","comment":"","fields":[]}
