{"implements":[],"javadoc":"Class with static methods to create a JButton with a raised bevel border,\n and to create a JPanel with buttons created by calling the \n createButton() method.","static":false,"extends":"java.lang.Object","methods":[{"javadoc":"Create a button with specified type.\n@param buttonType the type of button to create.","static":true,"name":"createButton","comment":"Create a button with specified type.","params":[{"type_long":"int","name":"buttonType","comment":"the type of button to create.","type_short":"int"}],"throws":[],"return":{"type_long":"javax.swing.JButton","comment":"","type_short":"JButton"}},{"javadoc":"Create a button with the given text.\n@param text the text to use in the button.","static":true,"name":"createButton","comment":"Create a button with the given text.","params":[{"type_long":"java.lang.String","name":"text","comment":"the text to use in the button.","type_short":"String"}],"throws":[],"return":{"type_long":"javax.swing.JButton","comment":"","type_short":"JButton"}},{"javadoc":"Create the panel for the buttons; the button are aligned vertically;\n the side margins on the panel has a default value of 20.\n@param buttons the array of buttons to put in the panel.","static":true,"name":"createButtonPanel","comment":"Create the panel for the buttons; the button are aligned vertically;\n the side margins on the panel has a default value of 20.","params":[{"type_long":"javax.swing.JButton[]","name":"buttons","comment":"the array of buttons to put in the panel.","type_short":"javax.swing.JButton[]"}],"throws":[],"return":{"type_long":"javax.swing.JPanel","comment":"","type_short":"JPanel"}},{"javadoc":"Create the panel for the buttons; the button are aligned as specified;\n the side margins on the panel has a default value of 20.\n@param buttons the array buttons to put in the panel.\n@param alignment either X_AXIS or Y_AXIS","static":true,"name":"createButtonPanel","comment":"Create the panel for the buttons; the button are aligned as specified;\n the side margins on the panel has a default value of 20.","params":[{"type_long":"javax.swing.JButton[]","name":"buttons","comment":"the array buttons to put in the panel.","type_short":"javax.swing.JButton[]"},{"type_long":"char","name":"alignment","comment":"either X_AXIS or Y_AXIS","type_short":"char"}],"throws":[],"return":{"type_long":"javax.swing.JPanel","comment":"","type_short":"JPanel"}},{"javadoc":"Create the panel for the buttons; the button are aligned vertically;\n use sideMargin value for side margins on the panel.\n@param buttons the array buttons to put in the panel.\n@param sideMargin the amount of margin space to use on the sides.","static":true,"name":"createButtonPanel","comment":"Create the panel for the buttons; the button are aligned vertically;\n use sideMargin value for side margins on the panel.","params":[{"type_long":"javax.swing.JButton[]","name":"buttons","comment":"the array buttons to put in the panel.","type_short":"javax.swing.JButton[]"},{"type_long":"int","name":"sideMargin","comment":"the amount of margin space to use on the sides.","type_short":"int"}],"throws":[],"return":{"type_long":"javax.swing.JPanel","comment":"","type_short":"JPanel"}},{"javadoc":"Create the panel for the buttons; the button are aligned as specified;\n use sideMargin value for side margins on the panel, and use either\n X_AXIS or Y_AXIS as the alignment specification.\n@param buttons the array buttons to put in the panel.\n@param alignment either X_AXIS or Y_AXIS","static":true,"name":"createButtonPanel","comment":"Create the panel for the buttons; the button are aligned as specified;\n use sideMargin value for side margins on the panel, and use either\n X_AXIS or Y_AXIS as the alignment specification.","params":[{"type_long":"javax.swing.JButton[]","name":"buttons","comment":"the array buttons to put in the panel.","type_short":"javax.swing.JButton[]"},{"type_long":"int","name":"sideMargin","comment":"","type_short":"int"},{"type_long":"char","name":"alignment","comment":"either X_AXIS or Y_AXIS","type_short":"char"}],"throws":[],"return":{"type_long":"javax.swing.JPanel","comment":"","type_short":"JPanel"}},{"javadoc":"Create an button that has an icon created from the given imageFile.\n@param imageFile icon filename\n@param alternateText text to use if the icon could not be loaded\n@param preferredSize size that the button would like to be\n@return JButton new button","static":true,"name":"createImageButton","comment":"Create an button that has an icon created from the given imageFile.","params":[{"type_long":"java.lang.String","name":"imageFile","comment":"icon filename","type_short":"String"},{"type_long":"java.lang.String","name":"alternateText","comment":"text to use if the icon could not be loaded","type_short":"String"},{"type_long":"java.awt.Dimension","name":"preferredSize","comment":"size that the button would like to be","type_short":"Dimension"}],"throws":[],"return":{"type_long":"javax.swing.JButton","comment":"JButton new button","type_short":"JButton"}},{"javadoc":"Create a button with the given icon.\n@param buttonIcon icon for the button\n@param alternateText text to use if the icon could not be loaded\n@param preferredSize size that the button would like to be\n@return JButton new button","static":true,"name":"createImageButton","comment":"Create a button with the given icon.","params":[{"type_long":"javax.swing.ImageIcon","name":"buttonIcon","comment":"icon for the button","type_short":"ImageIcon"},{"type_long":"java.lang.String","name":"alternateText","comment":"text to use if the icon could not be loaded","type_short":"String"},{"type_long":"java.awt.Dimension","name":"preferredSize","comment":"size that the button would like to be","type_short":"Dimension"}],"throws":[],"return":{"type_long":"javax.swing.JButton","comment":"JButton new button","type_short":"JButton"}}],"name":"ButtonPanelFactory","comment":"Class with static methods to create a JButton with a raised bevel border,\n and to create a JPanel with buttons created by calling the \n createButton() method.","fields":[{"type_long":"char","javadoc":"layout the buttons on the panel created with createButtonPanel()\n horizontally along the X-axis","static":true,"name":"X_AXIS","comment":"layout the buttons on the panel created with createButtonPanel()\n horizontally along the X-axis","type_short":"char","constant_value":"0"},{"type_long":"char","javadoc":"layout the buttons on the panel created with createButtonPanel()\n vertically along the Y-axis","static":true,"name":"Y_AXIS","comment":"layout the buttons on the panel created with createButtonPanel()\n vertically along the Y-axis","type_short":"char","constant_value":"1"},{"type_long":"int","javadoc":"Button that has an up arrow.","static":true,"name":"ARROW_UP_TYPE","comment":"Button that has an up arrow.","type_short":"int","constant_value":"0"},{"type_long":"int","javadoc":"Button that has a down arrow.","static":true,"name":"ARROW_DOWN_TYPE","comment":"Button that has a down arrow.","type_short":"int","constant_value":"1"},{"type_long":"int","javadoc":"Button that indicates a file chooser to browse.","static":true,"name":"BROWSE_TYPE","comment":"Button that indicates a file chooser to browse.","type_short":"int","constant_value":"2"},{"type_long":"int","javadoc":"Button for cancel.","static":true,"name":"CANCEL_TYPE","comment":"Button for cancel.","type_short":"int","constant_value":"3"},{"type_long":"int","javadoc":"Button that indicates an edit operation.","static":true,"name":"EDIT_TYPE","comment":"Button that indicates an edit operation.","type_short":"int","constant_value":"4"},{"type_long":"int","javadoc":"Button for OK.","static":true,"name":"OK_TYPE","comment":"Button for OK.","type_short":"int","constant_value":"5"},{"type_long":"int","javadoc":"Button that has a left arrow.","static":true,"name":"ARROW_LEFT_TYPE","comment":"Button that has a left arrow.","type_short":"int","constant_value":"6"},{"type_long":"int","javadoc":"Button that has a right arrow.","static":true,"name":"ARROW_RIGHT_TYPE","comment":"Button that has a right arrow.","type_short":"int","constant_value":"7"},{"type_long":"java.awt.Dimension","javadoc":"Dimension for the arrow button.","static":true,"name":"ARROW_SIZE","comment":"Dimension for the arrow button.","type_short":"Dimension","constant_value":null},{"type_long":"java.awt.Dimension","javadoc":"Dimension for the browse button.","static":true,"name":"BROWSE_SIZE","comment":"Dimension for the browse button.","type_short":"Dimension","constant_value":null},{"type_long":"javax.swing.Icon","javadoc":"Text for the browse button.","static":true,"name":"BROWSE_ICON","comment":"Text for the browse button.","type_short":"Icon","constant_value":null},{"type_long":"java.awt.Font","javadoc":"Font for the browse button label.","static":true,"name":"BROWSE_FONT","comment":"Font for the browse button label.","type_short":"Font","constant_value":null}]}
