{"implements":[],"javadoc":"Editor for date and time; creates a text field for the string version of the date, and\n a browse button to pop up the editor panel that contains a JCalendar to edit the date,\n and a separate component to edit the time.","static":false,"extends":"java.beans.PropertyEditorSupport","methods":[{"javadoc":"","static":false,"name":"<init>","comment":"","params":[],"throws":[],"return":{"type_long":"void","comment":"","type_short":"void"}},{"javadoc":"","static":false,"name":"setDateFormat","comment":"","params":[{"type_long":"java.text.DateFormat","name":"format","comment":"","type_short":"DateFormat"}],"throws":[],"return":{"type_long":"void","comment":"","type_short":"void"}},{"javadoc":"","static":false,"name":"format","comment":"","params":[{"type_long":"java.util.Date","name":"d","comment":"","type_short":"Date"}],"throws":[],"return":{"type_long":"java.lang.String","comment":"","type_short":"String"}},{"javadoc":"","static":false,"name":"getCustomEditor","comment":"","params":[],"throws":[],"return":{"type_long":"java.awt.Component","comment":"","type_short":"Component"}},{"javadoc":"","static":false,"name":"supportsCustomEditor","comment":"","params":[],"throws":[],"return":{"type_long":"boolean","comment":"","type_short":"boolean"}},{"javadoc":"","static":false,"name":"getValue","comment":"","params":[],"throws":[],"return":{"type_long":"java.lang.Object","comment":"","type_short":"Object"}},{"javadoc":"","static":false,"name":"setValue","comment":"","params":[{"type_long":"java.lang.Object","name":"value","comment":"","type_short":"Object"}],"throws":[],"return":{"type_long":"void","comment":"","type_short":"void"}},{"javadoc":"","static":false,"name":"setAsText","comment":"","params":[{"type_long":"java.lang.String","name":"text","comment":"","type_short":"String"}],"throws":[{"type_long":"java.lang.IllegalArgumentException","comment":"","type_short":"IllegalArgumentException"}],"return":{"type_long":"void","comment":"","type_short":"void"}}],"name":"DateEditor","comment":"Editor for date and time; creates a text field for the string version of the date, and\n a browse button to pop up the editor panel that contains a JCalendar to edit the date,\n and a separate component to edit the time.","fields":[{"type_long":"java.text.DateFormat","javadoc":"","static":true,"name":"DEFAULT_DATE_FORMAT","comment":"","type_short":"DateFormat","constant_value":null}]}
