{"implements":[],"javadoc":"","static":false,"extends":"docking.options.editor.GenericOptionsComponent","methods":[{"javadoc":"","static":false,"name":"<init>","comment":"","params":[{"type_long":"ghidra.framework.options.EditorState","name":"editorState","comment":"","type_short":"EditorState"}],"throws":[],"return":{"type_long":"void","comment":"","type_short":"void"}},{"javadoc":"","static":false,"name":"setEnabled","comment":"","params":[{"type_long":"boolean","name":"enabled","comment":"","type_short":"boolean"}],"throws":[],"return":{"type_long":"void","comment":"","type_short":"void"}}],"name":"DefaultOptionComponent","comment":"","fields":[]}
