{"implements":[],"javadoc":"Bean editor to show a text field and a browse button to bring\n up a File Chooser dialog. This editor is created as a result of\n get\/setFilename() on Options.","static":false,"extends":"java.beans.PropertyEditorSupport","methods":[{"javadoc":"","static":false,"name":"<init>","comment":"","params":[],"throws":[],"return":{"type_long":"void","comment":"","type_short":"void"}},{"javadoc":"","static":false,"name":"getAsText","comment":"","params":[],"throws":[],"return":{"type_long":"java.lang.String","comment":"","type_short":"String"}},{"javadoc":"","static":false,"name":"getValue","comment":"","params":[],"throws":[],"return":{"type_long":"java.lang.Object","comment":"","type_short":"Object"}},{"javadoc":"","static":false,"name":"setAsText","comment":"","params":[{"type_long":"java.lang.String","name":"text","comment":"","type_short":"String"}],"throws":[{"type_long":"java.lang.IllegalArgumentException","comment":"","type_short":"IllegalArgumentException"}],"return":{"type_long":"void","comment":"","type_short":"void"}},{"javadoc":"","static":false,"name":"setValue","comment":"","params":[{"type_long":"java.lang.Object","name":"value","comment":"","type_short":"Object"}],"throws":[],"return":{"type_long":"void","comment":"","type_short":"void"}},{"javadoc":"","static":false,"name":"supportsCustomEditor","comment":"","params":[],"throws":[],"return":{"type_long":"boolean","comment":"","type_short":"boolean"}},{"javadoc":"","static":false,"name":"getCustomEditor","comment":"","params":[],"throws":[],"return":{"type_long":"java.awt.Component","comment":"","type_short":"Component"}}],"name":"FileChooserEditor","comment":"Bean editor to show a text field and a browse button to bring\n up a File Chooser dialog. This editor is created as a result of\n get\/setFilename() on Options.","fields":[]}
