{"implements":[],"javadoc":"This Bean FontEditor displays a String with the current selected font name,\n style and size attributes.","static":false,"extends":"java.beans.PropertyEditorSupport","methods":[{"javadoc":"The default constructor.","static":false,"name":"<init>","comment":"The default constructor.","params":[],"throws":[],"return":{"type_long":"void","comment":"","type_short":"void"}},{"javadoc":"","static":false,"name":"showDialog","comment":"","params":[],"throws":[],"return":{"type_long":"void","comment":"","type_short":"void"}},{"javadoc":"","static":false,"name":"setValue","comment":"","params":[{"type_long":"java.lang.Object","name":"o","comment":"","type_short":"Object"}],"throws":[],"return":{"type_long":"void","comment":"","type_short":"void"}},{"javadoc":"","static":false,"name":"getValue","comment":"","params":[],"throws":[],"return":{"type_long":"java.lang.Object","comment":"","type_short":"Object"}},{"javadoc":"","static":false,"name":"supportsCustomEditor","comment":"","params":[],"throws":[],"return":{"type_long":"boolean","comment":"","type_short":"boolean"}},{"javadoc":"","static":false,"name":"getCustomEditor","comment":"","params":[],"throws":[],"return":{"type_long":"java.awt.Component","comment":"","type_short":"Component"}}],"name":"FontPropertyEditor","comment":"This Bean FontEditor displays a String with the current selected font name,\n style and size attributes.","fields":[]}
