{"implements":[],"javadoc":"","static":false,"extends":"javax.swing.JPanel","methods":[{"javadoc":"A factory method to create new OptionComponents.\n@param state The state that will be used to create the correct OptionComponent\n@return the new OptionComponent.","static":true,"name":"createOptionComponent","comment":"A factory method to create new OptionComponents.","params":[{"type_long":"ghidra.framework.options.EditorState","name":"state","comment":"The state that will be used to create the correct OptionComponent","type_short":"EditorState"}],"throws":[],"return":{"type_long":"docking.options.editor.GenericOptionsComponent","comment":"the new OptionComponent.","type_short":"GenericOptionsComponent"}},{"javadoc":"Creates and sets a preferred alignment based upon the given list of option components.\n@param components the list of options components from which to determine the alignment.","static":true,"name":"alignLabels","comment":"Creates and sets a preferred alignment based upon the given list of option components.","params":[{"type_long":"java.util.List<docking.options.editor.GenericOptionsComponent>","name":"components","comment":"the list of options components from which to determine the alignment.","type_short":"List"}],"throws":[],"return":{"type_long":"void","comment":"","type_short":"void"}},{"javadoc":"","static":false,"name":"setEnabled","comment":"","params":[{"type_long":"boolean","name":"enabled","comment":"","type_short":"boolean"}],"throws":[],"return":{"type_long":"void","comment":"","type_short":"void"}}],"name":"GenericOptionsComponent","comment":"","fields":[]}
