{"implements":[],"javadoc":"","static":false,"extends":"javax.swing.JColorChooser","methods":[{"javadoc":"","static":false,"name":"<init>","comment":"","params":[],"throws":[],"return":{"type_long":"void","comment":"","type_short":"void"}},{"javadoc":"","static":false,"name":"<init>","comment":"","params":[{"type_long":"java.awt.Color","name":"initialColor","comment":"","type_short":"Color"}],"throws":[],"return":{"type_long":"void","comment":"","type_short":"void"}},{"javadoc":"","static":false,"name":"setTitle","comment":"","params":[{"type_long":"java.lang.String","name":"title","comment":"","type_short":"String"}],"throws":[],"return":{"type_long":"void","comment":"","type_short":"void"}},{"javadoc":"","static":false,"name":"setColorHistory","comment":"","params":[{"type_long":"java.util.List<java.awt.Color>","name":"colors","comment":"","type_short":"List"}],"throws":[],"return":{"type_long":"void","comment":"","type_short":"void"}},{"javadoc":"","static":false,"name":"getColorHistory","comment":"","params":[],"throws":[],"return":{"type_long":"java.util.List<java.awt.Color>","comment":"","type_short":"List"}},{"javadoc":"","static":false,"name":"showDialog","comment":"","params":[{"type_long":"java.awt.Component","name":"centerOverComponent","comment":"","type_short":"Component"}],"throws":[],"return":{"type_long":"java.awt.Color","comment":"","type_short":"Color"}}],"name":"GhidraColorChooser","comment":"","fields":[]}
