{"implements":[],"javadoc":"An editor for Boolean properties.","static":false,"extends":"java.beans.PropertyEditorSupport","methods":[{"javadoc":"","static":false,"name":"<init>","comment":"","params":[],"throws":[],"return":{"type_long":"void","comment":"","type_short":"void"}},{"javadoc":"","static":false,"name":"setAsText","comment":"","params":[{"type_long":"java.lang.String","name":"text","comment":"","type_short":"String"}],"throws":[{"type_long":"java.lang.IllegalArgumentException","comment":"","type_short":"IllegalArgumentException"}],"return":{"type_long":"void","comment":"","type_short":"void"}}],"name":"IntEditor","comment":"An editor for Boolean properties.","fields":[]}
