{"implements":["ghidra.framework.options.OptionsEditor"],"javadoc":"Panel that shows each property in an Options category or a Group in an\n Options category.","static":false,"extends":"javax.swing.JPanel","methods":[{"javadoc":"Creates a panel for editing the given options.\n@param title The title of the options panel\n@param optionsList The list of options to display","static":false,"name":"<init>","comment":"Creates a panel for editing the given options.","params":[{"type_long":"java.lang.String","name":"title","comment":"The title of the options panel","type_short":"String"},{"type_long":"ghidra.framework.options.Options","name":"options","comment":"","type_short":"Options"},{"type_long":"java.util.List<java.lang.String>","name":"optionNames","comment":"","type_short":"List"},{"type_long":"ghidra.framework.options.EditorStateFactory","name":"editorStateFactory","comment":"","type_short":"EditorStateFactory"}],"throws":[],"return":{"type_long":"void","comment":"","type_short":"void"}},{"javadoc":"","static":false,"name":"dispose","comment":"","params":[],"throws":[],"return":{"type_long":"void","comment":"","type_short":"void"}},{"javadoc":"@throws InvalidInputException\n@see ghidra.framework.options.OptionsEditor#apply()","static":false,"name":"apply","comment":"","params":[],"throws":[{"type_long":"ghidra.util.exception.InvalidInputException","comment":"","type_short":"InvalidInputException"}],"return":{"type_long":"void","comment":"","type_short":"void"}},{"javadoc":"@see ghidra.framework.options.OptionsEditor#cancel()","static":false,"name":"cancel","comment":"","params":[],"throws":[],"return":{"type_long":"void","comment":"","type_short":"void"}},{"javadoc":"","static":false,"name":"reload","comment":"","params":[],"throws":[],"return":{"type_long":"void","comment":"","type_short":"void"}},{"javadoc":"@see ghidra.framework.options.OptionsEditor#getEditorComponent()","static":false,"name":"getEditorComponent","comment":"","params":[{"type_long":"ghidra.framework.options.Options","name":"o","comment":"","type_short":"Options"},{"type_long":"ghidra.framework.options.EditorStateFactory","name":"factory","comment":"","type_short":"EditorStateFactory"}],"throws":[],"return":{"type_long":"javax.swing.JComponent","comment":"","type_short":"JComponent"}},{"javadoc":"@see OptionsEditor#setOptionsPropertyChangeListener(PropertyChangeListener)","static":false,"name":"setOptionsPropertyChangeListener","comment":"","params":[{"type_long":"java.beans.PropertyChangeListener","name":"listener","comment":"","type_short":"PropertyChangeListener"}],"throws":[],"return":{"type_long":"void","comment":"","type_short":"void"}}],"name":"OptionsEditorPanel","comment":"Panel that shows each property in an Options category or a Group in an\n Options category.","fields":[]}
