{"implements":[],"javadoc":"","static":false,"extends":"javax.swing.JPanel","methods":[{"javadoc":"","static":false,"name":"<init>","comment":"","params":[{"type_long":"java.lang.String","name":"rootName","comment":"","type_short":"String"},{"type_long":"ghidra.framework.options.Options[]","name":"options","comment":"","type_short":"ghidra.framework.options.Options[]"},{"type_long":"boolean","name":"showRestoreDefaultsButton","comment":"","type_short":"boolean"},{"type_long":"java.beans.PropertyChangeListener","name":"changeListener","comment":"","type_short":"PropertyChangeListener"}],"throws":[],"return":{"type_long":"void","comment":"","type_short":"void"}},{"javadoc":"","static":false,"name":"dispose","comment":"","params":[],"throws":[],"return":{"type_long":"void","comment":"","type_short":"void"}},{"javadoc":"","static":false,"name":"cancel","comment":"","params":[],"throws":[],"return":{"type_long":"boolean","comment":"","type_short":"boolean"}},{"javadoc":"","static":false,"name":"apply","comment":"","params":[],"throws":[],"return":{"type_long":"boolean","comment":"","type_short":"boolean"}},{"javadoc":"","static":false,"name":"displayCategory","comment":"","params":[{"type_long":"java.lang.String","name":"category","comment":"","type_short":"String"},{"type_long":"java.lang.String","name":"filterText","comment":"","type_short":"String"}],"throws":[],"return":{"type_long":"void","comment":"","type_short":"void"}}],"name":"OptionsPanel","comment":"","fields":[]}
