{"implements":[],"javadoc":"Dialog for editing options within a tool.","static":false,"extends":"docking.DialogComponentProvider","methods":[{"javadoc":"Construct a new OptionsDialog.\n@param title dialog title\n@param rootNodeName name to display for the root node in the tree\n@param options editable options\n@param listener listener notified when the apply button is hit.","static":false,"name":"<init>","comment":"Construct a new OptionsDialog.","params":[{"type_long":"java.lang.String","name":"title","comment":"dialog title","type_short":"String"},{"type_long":"java.lang.String","name":"rootNodeName","comment":"name to display for the root node in the tree","type_short":"String"},{"type_long":"ghidra.framework.options.Options[]","name":"options","comment":"editable options","type_short":"ghidra.framework.options.Options[]"},{"type_long":"docking.options.editor.OptionsEditorListener","name":"listener","comment":"listener notified when the apply button is hit.","type_short":"OptionsEditorListener"}],"throws":[],"return":{"type_long":"void","comment":"","type_short":"void"}},{"javadoc":"","static":false,"name":"<init>","comment":"","params":[{"type_long":"java.lang.String","name":"title","comment":"","type_short":"String"},{"type_long":"java.lang.String","name":"rootNodeName","comment":"","type_short":"String"},{"type_long":"ghidra.framework.options.Options[]","name":"options","comment":"","type_short":"ghidra.framework.options.Options[]"},{"type_long":"docking.options.editor.OptionsEditorListener","name":"listener","comment":"","type_short":"OptionsEditorListener"},{"type_long":"boolean","name":"showRestoreDefaultsButton","comment":"","type_short":"boolean"}],"throws":[],"return":{"type_long":"void","comment":"","type_short":"void"}},{"javadoc":"","static":false,"name":"dispose","comment":"","params":[],"throws":[],"return":{"type_long":"void","comment":"","type_short":"void"}},{"javadoc":"","static":false,"name":"getSelectedPath","comment":"","params":[],"throws":[],"return":{"type_long":"javax.swing.tree.TreePath","comment":"","type_short":"TreePath"}},{"javadoc":"","static":false,"name":"setSelectedPath","comment":"","params":[{"type_long":"javax.swing.tree.TreePath","name":"path","comment":"","type_short":"TreePath"}],"throws":[],"return":{"type_long":"void","comment":"","type_short":"void"}},{"javadoc":"","static":false,"name":"displayCategory","comment":"","params":[{"type_long":"java.lang.String","name":"category","comment":"","type_short":"String"},{"type_long":"java.lang.String","name":"filterText","comment":"","type_short":"String"}],"throws":[],"return":{"type_long":"void","comment":"","type_short":"void"}}],"name":"OptionsDialog","comment":"Dialog for editing options within a tool.","fields":[]}
