{"implements":[],"javadoc":"","static":false,"extends":"javax.swing.colorchooser.AbstractColorChooserPanel","methods":[{"javadoc":"","static":false,"name":"<init>","comment":"","params":[{"type_long":"java.util.List<java.awt.Color>","name":"recentColors","comment":"","type_short":"List"}],"throws":[],"return":{"type_long":"void","comment":"","type_short":"void"}},{"javadoc":"","static":false,"name":"setRecentColors","comment":"","params":[{"type_long":"java.util.List<java.awt.Color>","name":"recentColors","comment":"","type_short":"List"}],"throws":[],"return":{"type_long":"void","comment":"","type_short":"void"}},{"javadoc":"","static":false,"name":"getDisplayName","comment":"","params":[],"throws":[],"return":{"type_long":"java.lang.String","comment":"","type_short":"String"}},{"javadoc":"","static":false,"name":"getMnemonic","comment":"","params":[],"throws":[],"return":{"type_long":"int","comment":"","type_short":"int"}},{"javadoc":"","static":false,"name":"getDisplayedMnemonicIndex","comment":"","params":[],"throws":[],"return":{"type_long":"int","comment":"","type_short":"int"}},{"javadoc":"","static":false,"name":"getSmallDisplayIcon","comment":"","params":[],"throws":[],"return":{"type_long":"javax.swing.Icon","comment":"","type_short":"Icon"}},{"javadoc":"","static":false,"name":"getLargeDisplayIcon","comment":"","params":[],"throws":[],"return":{"type_long":"javax.swing.Icon","comment":"","type_short":"Icon"}},{"javadoc":"The background color, foreground color, and font are already set to the\n defaults from the defaults table before this method is called.","static":false,"name":"installChooserPanel","comment":"The background color, foreground color, and font are already set to the\n defaults from the defaults table before this method is called.","params":[{"type_long":"javax.swing.JColorChooser","name":"enclosingChooser","comment":"","type_short":"JColorChooser"}],"throws":[],"return":{"type_long":"void","comment":"","type_short":"void"}},{"javadoc":"","static":false,"name":"uninstallChooserPanel","comment":"","params":[{"type_long":"javax.swing.JColorChooser","name":"enclosingChooser","comment":"","type_short":"JColorChooser"}],"throws":[],"return":{"type_long":"void","comment":"","type_short":"void"}},{"javadoc":"","static":false,"name":"updateChooser","comment":"","params":[],"throws":[],"return":{"type_long":"void","comment":"","type_short":"void"}}],"name":"SettableColorSwatchChooserPanel","comment":"","fields":[]}
