{"implements":[],"javadoc":"","static":false,"extends":"java.beans.PropertyEditorSupport","methods":[{"javadoc":"","static":false,"name":"<init>","comment":"","params":[{"type_long":"java.lang.String[]","name":"choices","comment":"","type_short":"java.lang.String[]"}],"throws":[],"return":{"type_long":"void","comment":"","type_short":"void"}},{"javadoc":"","static":false,"name":"<init>","comment":"","params":[{"type_long":"java.util.List<java.lang.String>","name":"choices","comment":"","type_short":"List"}],"throws":[],"return":{"type_long":"void","comment":"","type_short":"void"}},{"javadoc":"","static":false,"name":"setValue","comment":"","params":[{"type_long":"java.lang.Object","name":"o","comment":"","type_short":"Object"}],"throws":[],"return":{"type_long":"void","comment":"","type_short":"void"}},{"javadoc":"","static":false,"name":"getValue","comment":"","params":[],"throws":[],"return":{"type_long":"java.lang.Object","comment":"","type_short":"Object"}},{"javadoc":"","static":false,"name":"getTags","comment":"","params":[],"throws":[],"return":{"type_long":"java.lang.String[]","comment":"","type_short":"java.lang.String[]"}},{"javadoc":"","static":false,"name":"getAsText","comment":"","params":[],"throws":[],"return":{"type_long":"java.lang.String","comment":"","type_short":"String"}},{"javadoc":"","static":false,"name":"setAsText","comment":"","params":[{"type_long":"java.lang.String","name":"s","comment":"","type_short":"String"}],"throws":[],"return":{"type_long":"void","comment":"","type_short":"void"}},{"javadoc":"","static":false,"name":"setChoices","comment":"","params":[{"type_long":"java.lang.String[]","name":"choices","comment":"","type_short":"java.lang.String[]"}],"throws":[],"return":{"type_long":"void","comment":"","type_short":"void"}}],"name":"StringWithChoicesEditor","comment":"","fields":[]}
