{"implements":[],"javadoc":"A {@link PropertyEditor} that allows the user to edit strings by way of a File editor, as is\n done by {@link StringBasedFileEditor}.  In other words, the user can use the file chooser to\n pick a file.  That file is then turned into a String. \n \n <P>This class has the restriction that it will only \n take in {@link String} objects and will only give out {@link String} objects.","static":false,"extends":"docking.options.editor.FileChooserEditor","methods":[{"javadoc":"","static":false,"name":"<init>","comment":"","params":[],"throws":[],"return":{"type_long":"void","comment":"","type_short":"void"}},{"javadoc":"","static":false,"name":"setValue","comment":"","params":[{"type_long":"java.lang.Object","name":"value","comment":"","type_short":"Object"}],"throws":[],"return":{"type_long":"void","comment":"","type_short":"void"}},{"javadoc":"","static":false,"name":"getValue","comment":"","params":[],"throws":[],"return":{"type_long":"java.lang.Object","comment":"","type_short":"Object"}}],"name":"StringBasedFileEditor","comment":"A PropertyEditor that allows the user to edit strings by way of a File editor, as is\n done by StringBasedFileEditor.  In other words, the user can use the file chooser to\n pick a file.  That file is then turned into a String. \n \n This class has the restriction that it will only \n take in String objects and will only give out String objects.","fields":[]}
