{"implements":[],"javadoc":"Note: this class overrides the {@ #equals(Object)} method} and relies upon the <tt>equals<\/tt>\n method of the <tt>userData<\/tt> object.  Thus, if it is important that equals work for you in \n the non-standard identity way, then you must override <tt>equals<\/tt> in your user data obejcts.","static":false,"extends":"java.lang.Object","methods":[{"javadoc":"","static":false,"name":"<init>","comment":"","params":[{"type_long":"java.lang.String","name":"name","comment":"","type_short":"String"},{"type_long":"javax.swing.Icon","name":"icon","comment":"","type_short":"Icon"},{"type_long":"T","name":"userData","comment":"","type_short":"T"}],"throws":[],"return":{"type_long":"void","comment":"","type_short":"void"}},{"javadoc":"","static":false,"name":"getName","comment":"","params":[],"throws":[],"return":{"type_long":"java.lang.String","comment":"","type_short":"String"}},{"javadoc":"","static":false,"name":"getIcon","comment":"","params":[],"throws":[],"return":{"type_long":"javax.swing.Icon","comment":"","type_short":"Icon"}},{"javadoc":"","static":false,"name":"getUserData","comment":"","params":[],"throws":[],"return":{"type_long":"T","comment":"","type_short":"T"}},{"javadoc":"","static":false,"name":"setHelpLocation","comment":"","params":[{"type_long":"ghidra.util.HelpLocation","name":"helpLocation","comment":"","type_short":"HelpLocation"}],"throws":[],"return":{"type_long":"void","comment":"","type_short":"void"}},{"javadoc":"","static":false,"name":"getHelpLocation","comment":"","params":[],"throws":[],"return":{"type_long":"ghidra.util.HelpLocation","comment":"","type_short":"HelpLocation"}},{"javadoc":"","static":false,"name":"equals","comment":"","params":[{"type_long":"java.lang.Object","name":"other","comment":"","type_short":"Object"}],"throws":[],"return":{"type_long":"boolean","comment":"","type_short":"boolean"}},{"javadoc":"","static":false,"name":"hashCode","comment":"","params":[],"throws":[],"return":{"type_long":"int","comment":"","type_short":"int"}}],"name":"ActionState","comment":"Note: this class overrides the  #equals(Object)} method} and relies upon the equals\n method of the userData object.  Thus, if it is important that equals work for you in \n the non-standard identity way, then you must override equals in your user data obejcts.","fields":[]}
