{"implements":[],"javadoc":"","static":false,"extends":"docking.menu.DockingMenuItemUI","methods":[{"javadoc":"","static":false,"name":"<init>","comment":"","params":[],"throws":[],"return":{"type_long":"void","comment":"","type_short":"void"}},{"javadoc":"","static":true,"name":"createUI","comment":"","params":[{"type_long":"javax.swing.JComponent","name":"c","comment":"","type_short":"JComponent"}],"throws":[],"return":{"type_long":"javax.swing.plaf.ComponentUI","comment":"","type_short":"ComponentUI"}}],"name":"DockingMenuUI","comment":"","fields":[]}
