{"implements":[],"javadoc":"This class exists to make menu items display content with proper alignment whether or not\n they are displaying an icon.  That is, this class will introduce padding for absent icons \n within menu items so that the item lines up with those items that do contain icons.\n <p>\n This class has an additional feature that allows clients to display menu item content in a\n tabular fashion.  A menu item using this UI can contain some combination of the of the following\n items, in the given order: \n <pre>\n [Checkbox][Icon][Menu Item Content][Menu Pull-right\/Accelerator Text]\n <\/pre>\n To display the <b>Menu Item Content<\/b> in a tabular fashion, use the <tt>'\\t'<\/tt> character \n to delimit the data into columns.  This class will align all menu items in the given menu  \n based upon the largest number of columns in the group and the largest width for each column.","static":false,"extends":"javax.swing.plaf.MenuItemUI","methods":[{"javadoc":"","static":false,"name":"<init>","comment":"","params":[],"throws":[],"return":{"type_long":"void","comment":"","type_short":"void"}},{"javadoc":"","static":true,"name":"createUI","comment":"","params":[{"type_long":"javax.swing.JComponent","name":"c","comment":"","type_short":"JComponent"}],"throws":[],"return":{"type_long":"javax.swing.plaf.ComponentUI","comment":"","type_short":"ComponentUI"}},{"javadoc":"","static":false,"name":"installUI","comment":"","params":[{"type_long":"javax.swing.JComponent","name":"c","comment":"","type_short":"JComponent"}],"throws":[],"return":{"type_long":"void","comment":"","type_short":"void"}},{"javadoc":"","static":false,"name":"uninstallUI","comment":"","params":[{"type_long":"javax.swing.JComponent","name":"c","comment":"","type_short":"JComponent"}],"throws":[],"return":{"type_long":"void","comment":"","type_short":"void"}},{"javadoc":"","static":false,"name":"paint","comment":"","params":[{"type_long":"java.awt.Graphics","name":"g","comment":"","type_short":"Graphics"},{"type_long":"javax.swing.JComponent","name":"c","comment":"","type_short":"JComponent"}],"throws":[],"return":{"type_long":"void","comment":"","type_short":"void"}},{"javadoc":"","static":false,"name":"update","comment":"","params":[{"type_long":"java.awt.Graphics","name":"g","comment":"","type_short":"Graphics"},{"type_long":"javax.swing.JComponent","name":"c","comment":"","type_short":"JComponent"}],"throws":[],"return":{"type_long":"void","comment":"","type_short":"void"}},{"javadoc":"","static":false,"name":"paintText","comment":"","params":[{"type_long":"docking.menu.DockingMenuItemUI.SwitchGraphics2D","name":"sg","comment":"","type_short":"SwitchGraphics2D"},{"type_long":"javax.swing.JMenuItem","name":"c","comment":"","type_short":"JMenuItem"},{"type_long":"docking.menu.DockingMenuItemUI.MenuTabulator","name":"t","comment":"","type_short":"MenuTabulator"}],"throws":[],"return":{"type_long":"void","comment":"","type_short":"void"}},{"javadoc":"","static":false,"name":"getPreferredSize","comment":"","params":[{"type_long":"javax.swing.JComponent","name":"c","comment":"","type_short":"JComponent"}],"throws":[],"return":{"type_long":"java.awt.Dimension","comment":"","type_short":"Dimension"}},{"javadoc":"","static":false,"name":"getMinimumSize","comment":"","params":[{"type_long":"javax.swing.JComponent","name":"c","comment":"","type_short":"JComponent"}],"throws":[],"return":{"type_long":"java.awt.Dimension","comment":"","type_short":"Dimension"}},{"javadoc":"","static":false,"name":"getMaximumSize","comment":"","params":[{"type_long":"javax.swing.JComponent","name":"c","comment":"","type_short":"JComponent"}],"throws":[],"return":{"type_long":"java.awt.Dimension","comment":"","type_short":"Dimension"}},{"javadoc":"","static":false,"name":"contains","comment":"","params":[{"type_long":"javax.swing.JComponent","name":"c","comment":"","type_short":"JComponent"},{"type_long":"int","name":"x","comment":"","type_short":"int"},{"type_long":"int","name":"y","comment":"","type_short":"int"}],"throws":[],"return":{"type_long":"boolean","comment":"","type_short":"boolean"}},{"javadoc":"","static":false,"name":"getBaseline","comment":"","params":[{"type_long":"javax.swing.JComponent","name":"c","comment":"","type_short":"JComponent"},{"type_long":"int","name":"width","comment":"","type_short":"int"},{"type_long":"int","name":"height","comment":"","type_short":"int"}],"throws":[],"return":{"type_long":"int","comment":"","type_short":"int"}},{"javadoc":"","static":false,"name":"getBaselineResizeBehavior","comment":"","params":[{"type_long":"javax.swing.JComponent","name":"c","comment":"","type_short":"JComponent"}],"throws":[],"return":{"type_long":"java.awt.Component.BaselineResizeBehavior","comment":"","type_short":"BaselineResizeBehavior"}},{"javadoc":"","static":false,"name":"getAccessibleChildrenCount","comment":"","params":[{"type_long":"javax.swing.JComponent","name":"c","comment":"","type_short":"JComponent"}],"throws":[],"return":{"type_long":"int","comment":"","type_short":"int"}},{"javadoc":"","static":false,"name":"getAccessibleChild","comment":"","params":[{"type_long":"javax.swing.JComponent","name":"c","comment":"","type_short":"JComponent"},{"type_long":"int","name":"i","comment":"","type_short":"int"}],"throws":[],"return":{"type_long":"javax.accessibility.Accessible","comment":"","type_short":"Accessible"}}],"name":"DockingMenuItemUI","comment":"This class exists to make menu items display content with proper alignment whether or not\n they are displaying an icon.  That is, this class will introduce padding for absent icons \n within menu items so that the item lines up with those items that do contain icons.\n \n This class has an additional feature that allows clients to display menu item content in a\n tabular fashion.  A menu item using this UI can contain some combination of the of the following\n items, in the given order: \n \n [Checkbox][Icon][Menu Item Content][Menu Pull-right\/Accelerator Text]\n \n To display the Menu Item Content in a tabular fashion, use the '\\t' character \n to delimit the data into columns.  This class will align all menu items in the given menu  \n based upon the largest number of columns in the group and the largest width for each column.","fields":[{"type_long":"int","javadoc":"","static":true,"name":"ARROW_GAP","comment":"","type_short":"int","constant_value":null}]}
