{"implements":[],"javadoc":"Toolbar buttons for Dialogs.  This class handles the peculiarities of DockableAction (see\n the override notes below).","static":false,"extends":"docking.EmptyBorderToggleButton","methods":[{"javadoc":"","static":false,"name":"<init>","comment":"","params":[{"type_long":"docking.action.DockingActionIf","name":"action","comment":"","type_short":"DockingActionIf"},{"type_long":"docking.action.ActionContextProvider","name":"contextProvider","comment":"","type_short":"ActionContextProvider"}],"throws":[],"return":{"type_long":"void","comment":"","type_short":"void"}},{"javadoc":"","static":false,"name":"getDockingAction","comment":"","params":[],"throws":[],"return":{"type_long":"docking.action.DockingActionIf","comment":"","type_short":"DockingActionIf"}},{"javadoc":"","static":false,"name":"setSelected","comment":"","params":[{"type_long":"boolean","name":"b","comment":"","type_short":"boolean"}],"throws":[],"return":{"type_long":"void","comment":"","type_short":"void"}},{"javadoc":"","static":false,"name":"isSelected","comment":"","params":[],"throws":[],"return":{"type_long":"boolean","comment":"","type_short":"boolean"}},{"javadoc":"","static":false,"name":"removeListeners","comment":"","params":[],"throws":[],"return":{"type_long":"void","comment":"","type_short":"void"}}],"name":"DockingToolbarButton","comment":"Toolbar buttons for Dialogs.  This class handles the peculiarities of DockableAction (see\n the override notes below).","fields":[]}
