{"implements":["docking.menu.MenuGroupListener"],"javadoc":"Manages the main menu bar on the main frame.","static":false,"extends":"java.lang.Object","methods":[{"javadoc":"Constructs a new MenuBarManager","static":false,"name":"<init>","comment":"Constructs a new MenuBarManager","params":[{"type_long":"docking.menu.MenuHandler","name":"actionHandler","comment":"","type_short":"MenuHandler"},{"type_long":"docking.menu.MenuGroupMap","name":"menuGroupMap","comment":"","type_short":"MenuGroupMap"}],"throws":[],"return":{"type_long":"void","comment":"","type_short":"void"}},{"javadoc":"","static":false,"name":"clearActions","comment":"","params":[],"throws":[],"return":{"type_long":"void","comment":"","type_short":"void"}},{"javadoc":"Adds an action to the menu.\n@param action the action to be added.\n@param groupMgr the MenuGroupMap","static":false,"name":"addAction","comment":"Adds an action to the menu.","params":[{"type_long":"docking.action.DockingActionIf","name":"action","comment":"the action to be added.","type_short":"DockingActionIf"}],"throws":[],"return":{"type_long":"void","comment":"","type_short":"void"}},{"javadoc":"Removes an action from the menu.\n@param action the action to be removed.","static":false,"name":"removeAction","comment":"Removes an action from the menu.","params":[{"type_long":"docking.action.DockingActionIf","name":"action","comment":"the action to be removed.","type_short":"DockingActionIf"}],"throws":[],"return":{"type_long":"void","comment":"","type_short":"void"}},{"javadoc":"Releases all resources and makes this object unusable.","static":false,"name":"dispose","comment":"Releases all resources and makes this object unusable.","params":[],"throws":[],"return":{"type_long":"void","comment":"","type_short":"void"}},{"javadoc":"Returns a JMenuBar for all the actions.","static":false,"name":"getMenuBar","comment":"Returns a JMenuBar for all the actions.","params":[],"throws":[],"return":{"type_long":"javax.swing.JMenuBar","comment":"","type_short":"JMenuBar"}},{"javadoc":"Handles changes to the Menu Group\n@param menuPath the menu path whose group changed.\n@param group the new group for the given menuPath.","static":false,"name":"menuGroupChanged","comment":"Handles changes to the Menu Group","params":[{"type_long":"java.lang.String[]","name":"menuPath","comment":"the menu path whose group changed.","type_short":"java.lang.String[]"},{"type_long":"java.lang.String","name":"group","comment":"the new group for the given menuPath.","type_short":"String"}],"throws":[],"return":{"type_long":"void","comment":"","type_short":"void"}}],"name":"MenuBarManager","comment":"Manages the main menu bar on the main frame.","fields":[]}
