{"implements":["javax.swing.event.MenuListener","javax.swing.event.PopupMenuListener"],"javadoc":"<code>MenuHandler<\/code> provides a listener interface for menus.\n This interface has been provided to allow the listener to\n manage focus and help behavior.","static":false,"extends":"java.lang.Object","methods":[{"javadoc":"","static":false,"name":"<init>","comment":"","params":[],"throws":[],"return":{"type_long":"void","comment":"","type_short":"void"}},{"javadoc":"Invoked when a menu action item is selected.\n@param action associated action.\n@param event event details.","static":false,"name":"processMenuAction","comment":"Invoked when a menu action item is selected.","params":[{"type_long":"docking.action.DockingActionIf","name":"action","comment":"associated action.","type_short":"DockingActionIf"},{"type_long":"java.awt.event.ActionEvent","name":"event","comment":"event details.","type_short":"ActionEvent"}],"throws":[],"return":{"type_long":"void","comment":"","type_short":"void"}},{"javadoc":"Invoked when the mouse highlights a menu item.\n@param action associated action.","static":false,"name":"menuItemEntered","comment":"Invoked when the mouse highlights a menu item.","params":[{"type_long":"docking.action.DockingActionIf","name":"action","comment":"associated action.","type_short":"DockingActionIf"}],"throws":[],"return":{"type_long":"void","comment":"","type_short":"void"}},{"javadoc":"Invoked when the mouse exits a menu item.\n@param action associated action.","static":false,"name":"menuItemExited","comment":"Invoked when the mouse exits a menu item.","params":[{"type_long":"docking.action.DockingActionIf","name":"action","comment":"associated action.","type_short":"DockingActionIf"}],"throws":[],"return":{"type_long":"void","comment":"","type_short":"void"}},{"javadoc":"Invoked when a menu is cancelled (not sure if this is ever invoked)\n@see javax.swing.event.MenuListener#menuCanceled(javax.swing.event.MenuEvent)","static":false,"name":"menuCanceled","comment":"Invoked when a menu is cancelled (not sure if this is ever invoked)","params":[{"type_long":"javax.swing.event.MenuEvent","name":"e","comment":"","type_short":"MenuEvent"}],"throws":[],"return":{"type_long":"void","comment":"","type_short":"void"}},{"javadoc":"Invoked when a menu is no longer selected.  This is always preceeded\n by a menuSelected invocation.  This is invoked prior to the processMenuAction \n if an action item is selected.\n@see javax.swing.event.MenuListener#menuDeselected(javax.swing.event.MenuEvent)","static":false,"name":"menuDeselected","comment":"Invoked when a menu is no longer selected.  This is always preceeded\n by a menuSelected invocation.  This is invoked prior to the processMenuAction \n if an action item is selected.","params":[{"type_long":"javax.swing.event.MenuEvent","name":"e","comment":"","type_short":"MenuEvent"}],"throws":[],"return":{"type_long":"void","comment":"","type_short":"void"}},{"javadoc":"Invoked when a menu is selected.\n@see javax.swing.event.MenuListener#menuSelected(javax.swing.event.MenuEvent)","static":false,"name":"menuSelected","comment":"Invoked when a menu is selected.","params":[{"type_long":"javax.swing.event.MenuEvent","name":"e","comment":"","type_short":"MenuEvent"}],"throws":[],"return":{"type_long":"void","comment":"","type_short":"void"}},{"javadoc":"This method is called before the popup menu becomes visible\n@see javax.swing.event.PopupMenuListener#popupMenuWillBecomeVisible(javax.swing.event.PopupMenuEvent)","static":false,"name":"popupMenuWillBecomeVisible","comment":"This method is called before the popup menu becomes visible","params":[{"type_long":"javax.swing.event.PopupMenuEvent","name":"e","comment":"","type_short":"PopupMenuEvent"}],"throws":[],"return":{"type_long":"void","comment":"","type_short":"void"}},{"javadoc":"This method is called before the popup menu becomes invisible\n Note that a JPopupMenu can become invisible any time\n@see javax.swing.event.PopupMenuListener#popupMenuWillBecomeInvisible(javax.swing.event.PopupMenuEvent)","static":false,"name":"popupMenuWillBecomeInvisible","comment":"This method is called before the popup menu becomes invisible\n Note that a JPopupMenu can become invisible any time","params":[{"type_long":"javax.swing.event.PopupMenuEvent","name":"e","comment":"","type_short":"PopupMenuEvent"}],"throws":[],"return":{"type_long":"void","comment":"","type_short":"void"}},{"javadoc":"This method is called when the popup menu is canceled\n@see javax.swing.event.PopupMenuListener#popupMenuCanceled(javax.swing.event.PopupMenuEvent)","static":false,"name":"popupMenuCanceled","comment":"This method is called when the popup menu is canceled","params":[{"type_long":"javax.swing.event.PopupMenuEvent","name":"e","comment":"","type_short":"PopupMenuEvent"}],"throws":[],"return":{"type_long":"void","comment":"","type_short":"void"}}],"name":"MenuHandler","comment":"MenuHandler provides a listener interface for menus.\n This interface has been provided to allow the listener to\n manage focus and help behavior.","fields":[]}
