{"implements":["docking.menu.ManagedMenuItem"],"javadoc":"Class to manage a hierarchy of menus.","static":false,"extends":"java.lang.Object","methods":[{"javadoc":"Constructs a new MenuManager\n@param name the name of the menu.\n@param mnemonicKey the key to use for the menu mnemonic\n@param group the group of the menu.\n@param showKeyBindings if true, includes the keybinding text on the menu item.\n@param usePopupPath if true, registers actions with popup paths as popup items.\n@param menuHandler Listener to be notified of menu behavior.","static":false,"name":"<init>","comment":"Constructs a new MenuManager","params":[{"type_long":"java.lang.String","name":"name","comment":"the name of the menu.","type_short":"String"},{"type_long":"char","name":"mnemonicKey","comment":"the key to use for the menu mnemonic","type_short":"char"},{"type_long":"java.lang.String","name":"group","comment":"the group of the menu.","type_short":"String"},{"type_long":"boolean","name":"usePopupPath","comment":"if true, registers actions with popup paths as popup items.","type_short":"boolean"},{"type_long":"docking.menu.MenuHandler","name":"menuHandler","comment":"Listener to be notified of menu behavior.","type_short":"MenuHandler"},{"type_long":"docking.menu.MenuGroupMap","name":"menuGroupMap","comment":"","type_short":"MenuGroupMap"}],"throws":[],"return":{"type_long":"void","comment":"","type_short":"void"}},{"javadoc":"Adds an action to this menu. Can create subMenus depending on the menuPath of the\n action.\n@param action the action to be added.\n@param menuGroupMap group map for menuItems","static":false,"name":"addAction","comment":"Adds an action to this menu. Can create subMenus depending on the menuPath of the\n action.","params":[{"type_long":"docking.action.DockingActionIf","name":"action","comment":"the action to be added.","type_short":"DockingActionIf"}],"throws":[],"return":{"type_long":"void","comment":"","type_short":"void"}},{"javadoc":"","static":false,"name":"getAction","comment":"","params":[{"type_long":"java.lang.String","name":"actionName","comment":"","type_short":"String"}],"throws":[],"return":{"type_long":"docking.action.DockingActionIf","comment":"","type_short":"DockingActionIf"}},{"javadoc":"Parses the mnemonic key from the menu items text.\n@param str the menu item text\n@return the mnemonic key for encoded in the actions menu text. Returns 0 if there is none.","static":true,"name":"getMnemonicKey","comment":"Parses the mnemonic key from the menu items text.","params":[{"type_long":"java.lang.String","name":"str","comment":"the menu item text","type_short":"String"}],"throws":[],"return":{"type_long":"char","comment":"the mnemonic key for encoded in the actions menu text. Returns 0 if there is none.","type_short":"char"}},{"javadoc":"Removes the Mnemonic indicator character (&) from the text.\n@param str the text to strip.","static":true,"name":"stripMnemonicAmp","comment":"Removes the Mnemonic indicator character () from the text.","params":[{"type_long":"java.lang.String","name":"str","comment":"the text to strip.","type_short":"String"}],"throws":[],"return":{"type_long":"java.lang.String","comment":"","type_short":"String"}},{"javadoc":"Tests if this menu is empty.","static":false,"name":"isEmpty","comment":"Tests if this menu is empty.","params":[],"throws":[],"return":{"type_long":"boolean","comment":"","type_short":"boolean"}},{"javadoc":"Returns a Menu hierarchy of all the actions.","static":false,"name":"getMenu","comment":"Returns a Menu hierarchy of all the actions.","params":[],"throws":[],"return":{"type_long":"javax.swing.JMenu","comment":"","type_short":"JMenu"}},{"javadoc":"@see docking.menu.ManagedMenuItem#getMenuItem()","static":false,"name":"getMenuItem","comment":"","params":[],"throws":[],"return":{"type_long":"javax.swing.JMenuItem","comment":"","type_short":"JMenuItem"}},{"javadoc":"@see docking.menu.ManagedMenuItem#getGroup()","static":false,"name":"getGroup","comment":"","params":[],"throws":[],"return":{"type_long":"java.lang.String","comment":"","type_short":"String"}},{"javadoc":"","static":false,"name":"getSubGroup","comment":"","params":[],"throws":[],"return":{"type_long":"java.lang.String","comment":"","type_short":"String"}},{"javadoc":"@see docking.menu.ManagedMenuItem#dispose()","static":false,"name":"dispose","comment":"","params":[],"throws":[],"return":{"type_long":"void","comment":"","type_short":"void"}},{"javadoc":"Returns a JPopupMenu for the action hierarchy.","static":false,"name":"getPopupMenu","comment":"Returns a JPopupMenu for the action hierarchy.","params":[],"throws":[],"return":{"type_long":"javax.swing.JPopupMenu","comment":"","type_short":"JPopupMenu"}},{"javadoc":"","static":false,"name":"removeAction","comment":"","params":[{"type_long":"docking.action.DockingActionIf","name":"action","comment":"","type_short":"DockingActionIf"}],"throws":[],"return":{"type_long":"boolean","comment":"","type_short":"boolean"}},{"javadoc":"","static":false,"name":"toString","comment":"","params":[],"throws":[],"return":{"type_long":"java.lang.String","comment":"","type_short":"String"}},{"javadoc":"Notification that a menu item has changed groups.\n@param theMenuPath the menu path of the item whose group changed.\n@param i the index into the menu path of the part that changed groups.\n@param localGroup the new group.","static":false,"name":"menuGroupChanged","comment":"Notification that a menu item has changed groups.","params":[{"type_long":"java.lang.String[]","name":"theMenuPath","comment":"the menu path of the item whose group changed.","type_short":"java.lang.String[]"},{"type_long":"int","name":"i","comment":"the index into the menu path of the part that changed groups.","type_short":"int"},{"type_long":"java.lang.String","name":"localGroup","comment":"the new group.","type_short":"String"}],"throws":[],"return":{"type_long":"void","comment":"","type_short":"void"}},{"javadoc":"","static":false,"name":"getMenuHandler","comment":"","params":[],"throws":[],"return":{"type_long":"javax.swing.event.PopupMenuListener","comment":"","type_short":"PopupMenuListener"}},{"javadoc":"","static":false,"name":"getMenuItemText","comment":"","params":[],"throws":[],"return":{"type_long":"java.lang.String","comment":"","type_short":"String"}}],"name":"MenuManager","comment":"Class to manage a hierarchy of menus.","fields":[]}
