{"implements":[],"javadoc":"Maps menuPaths to groups","static":false,"extends":"java.lang.Object","methods":[{"javadoc":"","static":false,"name":"<init>","comment":"","params":[],"throws":[],"return":{"type_long":"void","comment":"","type_short":"void"}},{"javadoc":"Sets the group for the given menuPath\n@param menuPath the menuPath for which to assign a group\n@param group the name of the group for the action with the given menu path\n@see #setMenuGroup(String[], String, String)","static":false,"name":"setMenuGroup","comment":"Sets the group for the given menuPath","params":[{"type_long":"java.lang.String[]","name":"menuPath","comment":"the menuPath for which to assign a group","type_short":"java.lang.String[]"},{"type_long":"java.lang.String","name":"group","comment":"the name of the group for the action with the given menu path","type_short":"String"}],"throws":[],"return":{"type_long":"void","comment":"","type_short":"void"}},{"javadoc":"Sets the group for the given menuPath\n@param menuPath the menuPath for which to assign a group\n@param group the name of the group for the action with the given menu path\n@param menuSubGroup the name used for sorting items in the same <tt>group<\/tt>.  If this \n        value is {@link MenuData#NO_SUBGROUP}, then sorting is based upon the name of the\n        menu item.","static":false,"name":"setMenuGroup","comment":"Sets the group for the given menuPath","params":[{"type_long":"java.lang.String[]","name":"menuPath","comment":"the menuPath for which to assign a group","type_short":"java.lang.String[]"},{"type_long":"java.lang.String","name":"group","comment":"the name of the group for the action with the given menu path","type_short":"String"},{"type_long":"java.lang.String","name":"menuSubGroup","comment":"the name used for sorting items in the same group.  If this \n        value is MenuData#NO_SUBGROUP, then sorting is based upon the name of the\n        menu item.","type_short":"String"}],"throws":[],"return":{"type_long":"void","comment":"","type_short":"void"}},{"javadoc":"Returns the group for the given menu path\n@param menuPath the menu path for which to find its group","static":false,"name":"getMenuGroup","comment":"Returns the group for the given menu path","params":[{"type_long":"java.lang.String[]","name":"menuPath","comment":"the menu path for which to find its group","type_short":"java.lang.String[]"}],"throws":[],"return":{"type_long":"java.lang.String","comment":"","type_short":"String"}},{"javadoc":"Returns the menu subgroup string for the given menu path.  This string is used to perform\n sorting of menu items that exist in the same group.\n@param menuPath the menu path for which to find its group","static":false,"name":"getMenuSubGroup","comment":"Returns the menu subgroup string for the given menu path.  This string is used to perform\n sorting of menu items that exist in the same group.","params":[{"type_long":"java.lang.String[]","name":"menuPath","comment":"the menu path for which to find its group","type_short":"java.lang.String[]"}],"throws":[],"return":{"type_long":"java.lang.String","comment":"","type_short":"String"}}],"name":"MenuGroupMap","comment":"Maps menuPaths to groups","fields":[]}
