{"implements":[],"javadoc":"","static":false,"extends":"docking.widgets.EmptyBorderButton","methods":[{"javadoc":"","static":false,"name":"<init>","comment":"","params":[{"type_long":"docking.action.MultiActionDockingActionIf","name":"action","comment":"","type_short":"MultiActionDockingActionIf"}],"throws":[],"return":{"type_long":"void","comment":"","type_short":"void"}},{"javadoc":"","static":false,"name":"setBorder","comment":"","params":[{"type_long":"javax.swing.border.Border","name":"border","comment":"","type_short":"Border"}],"throws":[],"return":{"type_long":"void","comment":"","type_short":"void"}},{"javadoc":"","static":false,"name":"setIcon","comment":"","params":[{"type_long":"javax.swing.Icon","name":"icon","comment":"","type_short":"Icon"}],"throws":[],"return":{"type_long":"void","comment":"","type_short":"void"}},{"javadoc":"","static":false,"name":"getDisabledIcon","comment":"","params":[],"throws":[],"return":{"type_long":"javax.swing.Icon","comment":"","type_short":"Icon"}},{"javadoc":"By default a click on this button will trigger <tt>actionPerformed()<\/tt> to be called.\n You can call this method to disable that feature.  When called with <tt>false<\/tt>, this\n method will effectively let the user click anywhere on the button or its drop-down arrow\n to show the popup menu.  During normal operation, the user can only show the popup by\n clicking the drop-down arrow.","static":false,"name":"setPerformActionOnButtonClick","comment":"By default a click on this button will trigger actionPerformed() to be called.\n You can call this method to disable that feature.  When called with false, this\n method will effectively let the user click anywhere on the button or its drop-down arrow\n to show the popup menu.  During normal operation, the user can only show the popup by\n clicking the drop-down arrow.","params":[{"type_long":"boolean","name":"performActionOnButtonClick","comment":"","type_short":"boolean"}],"throws":[],"return":{"type_long":"void","comment":"","type_short":"void"}},{"javadoc":"","static":false,"name":"getPopupPoint","comment":"","params":[],"throws":[],"return":{"type_long":"java.awt.Point","comment":"","type_short":"Point"}}],"name":"MultipleActionDockingToolbarButton","comment":"","fields":[]}
