{"implements":[],"javadoc":"Manages the actions to be displayed in the toolbar.  Organizes them by group.","static":false,"extends":"java.lang.Object","methods":[{"javadoc":"","static":false,"name":"<init>","comment":"","params":[{"type_long":"docking.DockingWindowManager","name":"windowManager","comment":"","type_short":"DockingWindowManager"}],"throws":[],"return":{"type_long":"void","comment":"","type_short":"void"}},{"javadoc":"","static":false,"name":"clearActions","comment":"","params":[],"throws":[],"return":{"type_long":"void","comment":"","type_short":"void"}},{"javadoc":"Adds the action to the toolbar.","static":false,"name":"addAction","comment":"Adds the action to the toolbar.","params":[{"type_long":"docking.action.DockingActionIf","name":"action","comment":"","type_short":"DockingActionIf"}],"throws":[],"return":{"type_long":"void","comment":"","type_short":"void"}},{"javadoc":"","static":false,"name":"getAction","comment":"","params":[{"type_long":"java.lang.String","name":"actionName","comment":"","type_short":"String"}],"throws":[],"return":{"type_long":"docking.action.DockingActionIf","comment":"","type_short":"DockingActionIf"}},{"javadoc":"Releases all resources.  Makes this object unusable.","static":false,"name":"dispose","comment":"Releases all resources.  Makes this object unusable.","params":[],"throws":[],"return":{"type_long":"void","comment":"","type_short":"void"}},{"javadoc":"Returns true if the toolbar is empty.","static":false,"name":"isEmpty","comment":"Returns true if the toolbar is empty.","params":[],"throws":[],"return":{"type_long":"boolean","comment":"","type_short":"boolean"}},{"javadoc":"Returns a component to be used as a toolbar.\n@return the toolbar component.","static":false,"name":"getToolBar","comment":"Returns a component to be used as a toolbar.","params":[],"throws":[],"return":{"type_long":"javax.swing.JComponent","comment":"the toolbar component.","type_short":"JComponent"}},{"javadoc":"Removes the action from the toolbar.\n@param action the action to be removed.","static":false,"name":"removeAction","comment":"Removes the action from the toolbar.","params":[{"type_long":"docking.action.DockingActionIf","name":"action","comment":"the action to be removed.","type_short":"DockingActionIf"}],"throws":[],"return":{"type_long":"void","comment":"","type_short":"void"}}],"name":"ToolBarManager","comment":"Manages the actions to be displayed in the toolbar.  Organizes them by group.","fields":[]}
