{"implements":["java.beans.PropertyChangeListener","java.awt.event.ActionListener","java.awt.event.MouseListener"],"javadoc":"Class to manager toolbar buttons.","static":false,"extends":"java.lang.Object","methods":[{"javadoc":"Constructs a new ToolBarItemManager\n@param action the action to be managed on the toolbar.\n@param iconSize the iconSize to scale to.\n@param buttonListener listener for button state changes.","static":false,"name":"<init>","comment":"Constructs a new ToolBarItemManager","params":[{"type_long":"docking.action.DockingActionIf","name":"action","comment":"the action to be managed on the toolbar.","type_short":"DockingActionIf"},{"type_long":"docking.DockingWindowManager","name":"windowManager","comment":"","type_short":"DockingWindowManager"}],"throws":[],"return":{"type_long":"void","comment":"","type_short":"void"}},{"javadoc":"Returns a button for this items action.","static":false,"name":"getButton","comment":"Returns a button for this items action.","params":[],"throws":[],"return":{"type_long":"javax.swing.JButton","comment":"","type_short":"JButton"}},{"javadoc":"","static":false,"name":"createButton","comment":"","params":[{"type_long":"docking.action.DockingActionIf","name":"action","comment":"","type_short":"DockingActionIf"}],"throws":[],"return":{"type_long":"javax.swing.JButton","comment":"","type_short":"JButton"}},{"javadoc":"Returns the action being managed.","static":false,"name":"getAction","comment":"Returns the action being managed.","params":[],"throws":[],"return":{"type_long":"docking.action.DockingActionIf","comment":"","type_short":"DockingActionIf"}},{"javadoc":"","static":false,"name":"propertyChange","comment":"","params":[{"type_long":"java.beans.PropertyChangeEvent","name":"e","comment":"","type_short":"PropertyChangeEvent"}],"throws":[],"return":{"type_long":"void","comment":"","type_short":"void"}},{"javadoc":"","static":false,"name":"actionPerformed","comment":"","params":[{"type_long":"java.awt.event.ActionEvent","name":"event","comment":"","type_short":"ActionEvent"}],"throws":[],"return":{"type_long":"void","comment":"","type_short":"void"}},{"javadoc":"","static":false,"name":"toString","comment":"","params":[],"throws":[],"return":{"type_long":"java.lang.String","comment":"","type_short":"String"}},{"javadoc":"","static":false,"name":"mouseClicked","comment":"","params":[{"type_long":"java.awt.event.MouseEvent","name":"e","comment":"","type_short":"MouseEvent"}],"throws":[],"return":{"type_long":"void","comment":"","type_short":"void"}},{"javadoc":"","static":false,"name":"mouseEntered","comment":"","params":[{"type_long":"java.awt.event.MouseEvent","name":"e","comment":"","type_short":"MouseEvent"}],"throws":[],"return":{"type_long":"void","comment":"","type_short":"void"}},{"javadoc":"","static":false,"name":"mouseExited","comment":"","params":[{"type_long":"java.awt.event.MouseEvent","name":"e","comment":"","type_short":"MouseEvent"}],"throws":[],"return":{"type_long":"void","comment":"","type_short":"void"}},{"javadoc":"","static":false,"name":"mousePressed","comment":"","params":[{"type_long":"java.awt.event.MouseEvent","name":"e","comment":"","type_short":"MouseEvent"}],"throws":[],"return":{"type_long":"void","comment":"","type_short":"void"}},{"javadoc":"","static":false,"name":"mouseReleased","comment":"","params":[{"type_long":"java.awt.event.MouseEvent","name":"e","comment":"","type_short":"MouseEvent"}],"throws":[],"return":{"type_long":"void","comment":"","type_short":"void"}}],"name":"ToolBarItemManager","comment":"Class to manager toolbar buttons.","fields":[]}
